"positive", "compare_value", "same_user", "same_device"
1, 1.1102230246251565E-16, 1, 1
1, 0.13541666666666663, 1, 1
0, 0.0, 1, 0
0, 0.0, 1, 0
0, 0.0, 1, 0
0, 0.0, 1, 0
0, 0.0, 1, 0
0, 0.0, 1, 0
0, 0.0, 1, 0
0, 0.0, 1, 0
0, 0.0, 1, 0
0, 0.0, 1, 0
0, 0.0, 1, 0
0, 0.0, 1, 0
0, 0.0, 1, 0
0, 0.0, 1, 0
0, 0.0, 1, 0
0, 0.0, 1, 0
0, 0.0, 1, 0
0, 0.0, 1, 0
0, 0.0, 0, 1
0, 0.0, 0, 1
0, 1.1102230246251565E-16, 0, 1
0, 0.0, 1, 0
0, 0.0, 1, 0
0, -2.220446049250313E-16, 1, 0
0, 0.08333333333333326, 1, 0
0, 0.0, 0, 0
0, 0.0, 0, 0
0, 0.0, 0, 0
0, 0.0, 0, 0
0, 0.0, 0, 0
0, -2.220446049250313E-16, 0, 0
0, -4.440892098500626E-16, 0, 0
0, 0.0, 0, 0
0, 0.0, 0, 0
0, 0.0, 0, 0
0, 0.0, 0, 0
0, 0.0, 0, 0
0, 0.0, 0, 0
0, 0.0, 0, 0
0, 0.0, 0, 0
0, 0.0, 0, 0
0, 0.0, 1, 0
0, 0.10256410256410264, 1, 0
0, 0.11764705882352933, 1, 0
0, 0.0, 1, 0
0, 0.2222222222222221, 1, 0
0, 0.0, 1, 0
0, 0.0, 1, 0
0, 0.0, 1, 0
0, 0.0, 1, 0
0, 0.0, 1, 0
0, 0.0, 1, 0
0, 0.0, 1, 0
0, 0.33333333333333337, 1, 0
0, 0.0, 1, 0
0, 0.0, 1, 0
0, 0.0, 1, 0
0, 0.0, 1, 0
0, 0.0, 1, 0
0, -2.220446049250313E-16, 0, 1
0, 0.05882352941176461, 0, 1
0, 2.220446049250313E-16, 0, 1
0, 0.0, 0, 0
0, 0.0, 0, 0
0, 0.0, 0, 0
0, 0.0, 0, 0
0, 0.0, 0, 0
0, 0.0, 0, 0
1, 0.04545454545454586, 1, 1
1, 1.1102230246251565E-16, 1, 1
0, 0.0, 1, 0
0, 0.0, 1, 0
0, 0.0, 1, 0
0, 0.0, 1, 0
0, 0.0, 1, 0
0, 0.0, 1, 0
0, 0.0, 1, 0
0, 0.0, 1, 0
0, 0.0, 1, 0
0, 0.0, 1, 0
0, 0.0, 1, 0
0, 0.0, 1, 0
0, 0.0, 1, 0
0, 0.0, 1, 0
0, 0.0, 1, 0
0, 0.0, 1, 0
0, 0.0, 1, 0
0, 0.0, 1, 0
0, 0.0, 0, 1
0, 1.1102230246251565E-16, 0, 1
0, 0.33333333333333337, 0, 1
0, 0.0, 1, 0
0, 0.14285714285714302, 1, 0
0, 0.0, 1, 0
0, 2.220446049250313E-16, 1, 0
0, 0.0, 0, 0
0, 0.0, 0, 0
0, 0.0, 0, 0
0, 0.0, 0, 0
0, 0.0, 0, 0
0, 0.0, 0, 0
0, 0.0625, 0, 0
0, 0.0, 0, 0
0, 0.0, 0, 0
0, 0.0, 0, 0
0, 0.0, 0, 0
0, 0.0, 0, 0
0, 0.0, 0, 0
0, 0.0, 0, 0
0, 0.0, 0, 0
0, 0.0, 0, 0
0, -2.220446049250313E-16, 1, 0
0, 0.13333333333333341, 1, 0
0, 0.16666666666666652, 1, 0
0, 0.0, 1, 0
0, 0.0, 1, 0
0, 0.0, 1, 0
0, 0.0, 1, 0
0, 0.0, 1, 0
0, 0.0, 1, 0
0, 0.0, 1, 0
0, 0.0, 1, 0
0, 0.0, 1, 0
0, 0.0, 1, 0
0, 0.0, 1, 0
0, 0.0, 1, 0
0, 0.0, 1, 0
0, 0.0, 1, 0
0, 0.0, 1, 0
0, 0.03030303030303072, 0, 1
0, -2.220446049250313E-16, 0, 1
0, 2.220446049250313E-16, 0, 1
0, 0.0, 0, 0
0, 0.0, 0, 0
0, 0.0, 0, 0
0, 0.0, 0, 0
0, 0.33333333333333337, 0, 0
0, 0.0, 0, 0
1, 0.04999999999999971, 1, 1
1, 0.11538461538461542, 1, 1
0, 0.0, 1, 0
0, 0.0, 1, 0
0, 0.0, 1, 0
0, 0.0, 1, 0
0, 0.0, 1, 0
0, 0.0, 1, 0
0, 0.0, 1, 0
0, 0.0, 1, 0
0, 0.0, 1, 0
0, 0.0, 1, 0
0, 0.0, 1, 0
0, 0.0, 1, 0
0, 0.0, 1, 0
0, 0.0, 1, 0
0, 0.0, 1, 0
0, 0.0, 1, 0
0, 0.0, 1, 0
0, 0.0, 1, 0
0, 0.0, 0, 1
0, 1.1102230246251565E-16, 0, 1
0, 0.0, 0, 1
0, 0.0, 1, 0
0, 0.16666666666666674, 1, 0
0, 0.0, 1, 0
0, 0.0, 1, 0
0, 0.0, 0, 0
0, 0.0, 0, 0
0, 0.0, 0, 0
0, 0.0, 0, 0
0, 0.0, 0, 0
0, -2.220446049250313E-16, 0, 0
0, 0.0, 0, 0
0, 0.0, 0, 0
0, 0.0, 0, 0
0, 0.0, 0, 0
0, 0.0, 0, 0
0, 0.0, 0, 0
0, 0.0, 0, 0
0, 0.0, 0, 0
0, 0.0, 0, 0
0, 0.0, 0, 0
0, 0.2222222222222221, 1, 0
0, 0.10000000000000009, 1, 0
0, 0.0625, 1, 0
0, 0.0, 1, 0
0, 0.05555555555555536, 1, 0
0, 0.0, 1, 0
0, 0.0, 1, 0
0, 0.0, 1, 0
0, 0.0, 1, 0
0, 0.0, 1, 0
0, 0.0, 1, 0
0, 0.0, 1, 0
0, 0.0, 1, 0
0, 0.0, 1, 0
0, 0.0, 1, 0
0, 0.0, 1, 0
0, 0.0, 1, 0
0, 0.0, 1, 0
0, 0.0399999999999997, 0, 1
0, -2.220446049250313E-16, 0, 1
0, 2.220446049250313E-16, 0, 1
0, 0.0, 0, 0
0, 0.0, 0, 0
0, 0.0, 0, 0
0, 0.0, 0, 0
0, 0.0, 0, 0
0, 0.0, 0, 0
0, -2.220446049250313E-16, 1, 0
0, 1.1102230246251565E-16, 1, 0
0, 0.0, 1, 0
1, 0.0, 1, 1
1, 0.0, 1, 1
1, 0.0, 1, 1
1, 0.0, 1, 1
1, 0.0, 1, 1
1, 0.0, 1, 1
1, 0.0, 1, 1
1, 0.0, 1, 1
1, 0.0, 1, 1
1, 0.0, 1, 1
1, 0.0, 1, 1
1, 0.0, 1, 1
1, 0.0, 1, 1
1, 0.0, 1, 1
1, 0.0, 1, 1
1, 0.0, 1, 1
1, 0.0, 1, 1
0, 0.0, 0, 0
0, 0.0, 0, 0
0, 0.0, 0, 0
0, 0.0, 1, 0
0, 0.0, 1, 0
0, 0.0, 1, 0
0, 0.0, 1, 0
0, 0.0, 0, 0
0, 0.0, 0, 0
0, 0.0, 0, 0
0, 0.0, 0, 0
0, 0.0, 0, 0
0, 0.0, 0, 0
0, 0.0, 0, 0
0, 3.3306690738754696E-16, 0, 0
0, 0.0, 0, 1
0, 0.0, 0, 1
0, 0.0, 0, 1
0, 0.0, 0, 1
0, 0.0, 0, 1
0, 0.0, 0, 1
0, 0.0, 0, 1
0, 0.0, 0, 1
0, 0.0, 1, 0
0, 0.0, 1, 0
0, 0.0, 1, 0
0, 0.0, 1, 0
0, 0.0, 1, 0
0, 0.0, 1, 0
0, 0.0, 1, 0
0, 0.0, 1, 0
0, 0.0, 1, 0
0, 0.0, 1, 0
0, 0.0, 1, 0
0, 0.0, 1, 0
0, 0.0, 1, 0
0, 0.0, 1, 0
0, 0.0, 1, 0
0, 0.0, 1, 0
0, 0.0, 1, 0
0, 0.0, 1, 0
0, 4.440892098500626E-16, 0, 0
0, -2.220446049250313E-16, 0, 0
0, 0.0, 0, 0
0, 0.0, 0, 0
0, 0.0, 0, 0
0, 0.0, 0, 0
0, 0.0, 0, 0
0, 0.0, 0, 0
0, 0.0, 0, 0
0, 0.0, 1, 0
0, 2.220446049250313E-16, 1, 0
0, 0.0, 1, 0
1, 0.0, 1, 1
1, 0.0, 1, 1
1, 0.0, 1, 1
1, 0.0, 1, 1
1, 0.0, 1, 1
1, 0.0, 1, 1
1, 0.0, 1, 1
1, 0.0, 1, 1
1, 0.0, 1, 1
1, 0.0, 1, 1
1, 0.0, 1, 1
1, 0.0, 1, 1
1, 0.0, 1, 1
1, 0.0, 1, 1
1, 0.0, 1, 1
1, 0.0, 1, 1
1, 0.0, 1, 1
0, 0.0, 0, 0
0, 1.1102230246251565E-16, 0, 0
0, 0.0, 0, 0
0, 0.0, 1, 0
0, 0.0, 1, 0
0, 0.0, 1, 0
0, 0.0, 1, 0
0, 0.0, 0, 0
0, 0.0, 0, 0
0, 0.0, 0, 0
0, 0.0, 0, 0
0, 0.0, 0, 0
0, 1.1102230246251565E-16, 0, 0
0, 0.0, 0, 0
0, 2.220446049250313E-16, 0, 0
0, 0.0, 0, 1
0, 0.0, 0, 1
0, 0.0, 0, 1
0, 0.0, 0, 1
0, 0.0, 0, 1
0, 0.0, 0, 1
0, 0.0, 0, 1
0, 0.0, 0, 1
0, 1.1102230246251565E-16, 1, 0
0, 2.220446049250313E-16, 1, 0
0, 0.0, 1, 0
0, 0.0, 1, 0
0, 0.0, 1, 0
0, 0.0, 1, 0
0, 0.0, 1, 0
0, 0.0, 1, 0
0, 0.0, 1, 0
0, 0.0, 1, 0
0, 0.0, 1, 0
0, 0.0, 1, 0
0, 0.0, 1, 0
0, 0.0, 1, 0
0, 0.0, 1, 0
0, 0.0, 1, 0
0, 0.0, 1, 0
0, 0.0, 1, 0
0, 1.1102230246251565E-16, 0, 0
0, 1.1102230246251565E-16, 0, 0
0, -2.220446049250313E-16, 0, 0
0, 0.0, 0, 0
0, 0.0, 0, 0
0, 0.0, 0, 0
0, 0.0, 0, 0
0, 0.0, 0, 0
0, 0.0, 0, 0
0, 1.1102230246251565E-16, 1, 0
0, 0.0, 1, 0
0, 0.0, 1, 0
1, 0.0, 1, 1
1, 0.0, 1, 1
1, 0.0, 1, 1
1, 0.0, 1, 1
1, 0.0, 1, 1
1, 0.0, 1, 1
1, 0.0, 1, 1
1, 0.0, 1, 1
1, 0.0, 1, 1
1, 0.0, 1, 1
1, 0.0, 1, 1
1, 0.0, 1, 1
1, 0.0, 1, 1
1, 0.0, 1, 1
1, 0.0, 1, 1
1, 0.0, 1, 1
1, 0.0, 1, 1
0, 0.0, 0, 0
0, 2.220446049250313E-16, 0, 0
0, 0.0, 0, 0
0, 0.0, 1, 0
0, 0.0, 1, 0
0, 0.0, 1, 0
0, 0.0, 1, 0
0, 0.0, 0, 0
0, 0.0, 0, 0
0, 0.0, 0, 0
0, 0.0, 0, 0
0, 0.0, 0, 0
0, 1.1102230246251565E-16, 0, 0
0, 0.0, 0, 0
0, 0.0, 0, 0
0, 0.0, 0, 1
0, 0.0, 0, 1
0, 0.0, 0, 1
0, 0.0, 0, 1
0, 0.0, 0, 1
0, 0.0, 0, 1
0, 0.0, 0, 1
0, 0.0, 0, 1
0, 0.0, 1, 0
0, 0.0, 1, 0
0, 0.0, 1, 0
0, 0.0, 1, 0
0, 0.0, 1, 0
0, 0.0, 1, 0
0, 0.0, 1, 0
0, 0.0, 1, 0
0, 0.0, 1, 0
0, 0.0, 1, 0
0, 0.0, 1, 0
0, 0.0, 1, 0
0, 0.0, 1, 0
0, 0.0, 1, 0
0, 0.0, 1, 0
0, 0.0, 1, 0
0, 0.0, 1, 0
0, 0.0, 1, 0
0, 2.220446049250313E-16, 0, 0
0, 3.3306690738754696E-16, 0, 0
0, 0.0, 0, 0
0, 0.0, 0, 0
0, 0.0, 0, 0
0, 0.0, 0, 0
0, 0.0, 0, 0
0, 0.0, 0, 0
0, 0.0, 0, 0
0, 2.220446049250313E-16, 1, 0
0, 0.0, 1, 0
0, 0.0, 1, 0
1, 0.0, 1, 1
1, 0.0, 1, 1
1, 0.0, 1, 1
1, 0.0, 1, 1
1, 0.0, 1, 1
1, 0.0, 1, 1
1, 0.0, 1, 1
1, 0.0, 1, 1
1, 0.0, 1, 1
1, 0.0, 1, 1
1, 0.0, 1, 1
1, 0.0, 1, 1
1, 0.0, 1, 1
1, 0.0, 1, 1
1, 0.0, 1, 1
1, 0.0, 1, 1
1, 0.0, 1, 1
0, 0.0, 0, 0
0, 1.1102230246251565E-16, 0, 0
0, 0.0, 0, 0
0, 0.0, 1, 0
0, 0.0, 1, 0
0, 0.0, 1, 0
0, 0.0, 1, 0
0, 0.0, 0, 0
0, 0.0, 0, 0
0, 0.0, 0, 0
0, 0.0, 0, 0
0, 0.0, 0, 0
0, 0.0, 0, 0
0, 0.0, 0, 0
0, -2.220446049250313E-16, 0, 0
0, 0.0, 0, 1
0, 0.0, 0, 1
0, 0.0, 0, 1
0, 0.0, 0, 1
0, 0.0, 0, 1
0, 0.0, 0, 1
0, 0.0, 0, 1
0, 0.0, 0, 1
0, 0.0, 1, 0
0, 0.0, 1, 0
0, -2.220446049250313E-16, 1, 0
0, 0.0, 1, 0
0, 0.0, 1, 0
0, 0.0, 1, 0
0, 0.0, 1, 0
0, 0.0, 1, 0
0, 0.0, 1, 0
0, 0.0, 1, 0
0, 0.0, 1, 0
0, 0.0, 1, 0
0, 0.0, 1, 0
0, 0.0, 1, 0
0, 0.0, 1, 0
0, 0.0, 1, 0
0, 0.0, 1, 0
0, 0.0, 1, 0
0, 2.220446049250313E-16, 0, 0
0, 3.3306690738754696E-16, 0, 0
0, 1.1102230246251565E-16, 0, 0
0, 0.0, 0, 0
0, 0.0, 0, 0
0, 0.0, 0, 0
0, 0.0, 0, 0
0, 0.0, 0, 0
0, 0.0, 0, 0
0, 0.0, 1, 0
0, 0.0, 1, 0
0, 0.0, 1, 0
1, 0.0, 1, 1
1, 0.0, 1, 1
1, 0.0, 1, 1
1, 0.0, 1, 1
1, 0.0, 1, 1
1, 0.0, 1, 1
1, 0.0, 1, 1
1, 0.0, 1, 1
1, 0.0, 1, 1
1, 0.0, 1, 1
1, 0.0, 1, 1
1, 0.0, 1, 1
1, 0.0, 1, 1
1, 0.0, 1, 1
1, 0.0, 1, 1
1, 0.0, 1, 1
1, 0.0, 1, 1
0, 0.0, 0, 0
0, 0.0, 0, 0
0, 0.0, 0, 0
0, 0.0, 1, 0
0, 0.0, 1, 0
0, 0.0, 1, 0
0, 0.0, 1, 0
0, 0.0, 0, 0
0, 0.0, 0, 0
0, 0.0, 0, 0
0, 0.0, 0, 0
0, 0.0, 0, 0
0, 0.0, 0, 0
0, 0.0, 0, 0
0, 1.1102230246251565E-16, 0, 0
0, 0.0, 0, 1
0, 0.0, 0, 1
0, 0.0, 0, 1
0, 0.0, 0, 1
0, 0.0, 0, 1
0, 0.0, 0, 1
0, 0.0, 0, 1
0, 0.0, 0, 1
0, 0.0, 1, 0
0, 1.1102230246251565E-16, 1, 0
0, 1.1102230246251565E-16, 1, 0
0, 0.0, 1, 0
0, 0.0, 1, 0
0, 0.0, 1, 0
0, 0.0, 1, 0
0, 0.0, 1, 0
0, 0.0, 1, 0
0, 0.0, 1, 0
0, 0.0, 1, 0
0, 0.0, 1, 0
0, 0.0, 1, 0
0, 0.0, 1, 0
0, 0.0, 1, 0
0, 0.0, 1, 0
0, 0.0, 1, 0
0, 0.0, 1, 0
0, 2.220446049250313E-16, 0, 0
0, 0.0, 0, 0
0, 0.0, 0, 0
0, 0.0, 0, 0
0, 0.0, 0, 0
0, 0.0, 0, 0
0, 0.0, 0, 0
0, 0.0, 0, 0
0, 0.0, 0, 0
0, 2.220446049250313E-16, 1, 0
0, -2.220446049250313E-16, 1, 0
0, 0.0, 1, 0
1, 0.0, 1, 1
1, 0.0, 1, 1
1, 0.0, 1, 1
1, 0.0, 1, 1
1, 0.0, 1, 1
1, 0.0, 1, 1
1, 0.0, 1, 1
1, 0.0, 1, 1
1, 0.0, 1, 1
1, 0.0, 1, 1
1, 0.0, 1, 1
1, 0.0, 1, 1
1, 0.0, 1, 1
1, 0.0, 1, 1
1, 0.0, 1, 1
1, 0.0, 1, 1
1, 0.0, 1, 1
0, 0.0, 0, 0
0, 0.0, 0, 0
0, 0.0, 0, 0
0, 0.0, 1, 0
0, 0.0, 1, 0
0, 0.0, 1, 0
0, 0.0, 1, 0
0, 0.0, 0, 0
0, 0.0, 0, 0
0, 0.0, 0, 0
0, 0.0, 0, 0
0, 0.0, 0, 0
0, 0.0, 0, 0
0, 0.0, 0, 0
0, 2.220446049250313E-16, 0, 0
0, 0.0, 0, 1
0, 0.0, 0, 1
0, 0.0, 0, 1
0, 0.0, 0, 1
0, 0.0, 0, 1
0, 0.0, 0, 1
0, 0.0, 0, 1
0, 0.0, 0, 1
0, 0.0, 1, 0
0, 0.0, 1, 0
0, 1.1102230246251565E-16, 1, 0
0, 0.0, 1, 0
0, 0.0, 1, 0
0, 0.0, 1, 0
0, 0.0, 1, 0
0, 0.0, 1, 0
0, 0.0, 1, 0
0, 0.0, 1, 0
0, 0.0, 1, 0
0, 0.0, 1, 0
0, 0.0, 1, 0
0, 0.0, 1, 0
0, 0.0, 1, 0
0, 0.0, 1, 0
0, 0.0, 1, 0
0, 0.0, 1, 0
0, 1.1102230246251565E-16, 0, 0
0, 0.0, 0, 0
0, 1.1102230246251565E-16, 0, 0
0, 0.0, 0, 0
0, 0.0, 0, 0
0, 0.0, 0, 0
0, 0.0, 0, 0
0, 0.0, 0, 0
0, 0.0, 0, 0
0, 1.1102230246251565E-16, 1, 0
0, 0.0, 1, 0
0, 0.0, 1, 0
1, 0.0, 1, 1
1, 0.0, 1, 1
1, 0.0, 1, 1
1, 0.0, 1, 1
1, 0.0, 1, 1
1, 0.0, 1, 1
1, 0.0, 1, 1
1, 0.0, 1, 1
1, 0.0, 1, 1
1, 0.0, 1, 1
1, 0.0, 1, 1
1, 0.0, 1, 1
1, 0.0, 1, 1
1, 0.0, 1, 1
1, 0.0, 1, 1
1, 0.0, 1, 1
1, 0.0, 1, 1
0, 0.0, 0, 0
0, 1.1102230246251565E-16, 0, 0
0, 0.0, 0, 0
0, 0.0, 1, 0
0, 0.0, 1, 0
0, 0.0, 1, 0
0, 0.0, 1, 0
0, 0.0, 0, 0
0, 0.0, 0, 0
0, 0.0, 0, 0
0, 0.0, 0, 0
0, 0.0, 0, 0
0, 1.1102230246251565E-16, 0, 0
0, 0.0, 0, 0
0, 1.1102230246251565E-16, 0, 0
0, 0.0, 0, 1
0, 0.0, 0, 1
0, 0.0, 0, 1
0, 0.0, 0, 1
0, 0.0, 0, 1
0, 0.0, 0, 1
0, 0.0, 0, 1
0, 0.0, 0, 1
0, 0.0, 1, 0
0, 1.1102230246251565E-16, 1, 0
0, 0.0, 1, 0
0, 0.0, 1, 0
0, 0.0, 1, 0
0, 0.0, 1, 0
0, 0.0, 1, 0
0, 0.0, 1, 0
0, 0.0, 1, 0
0, 0.0, 1, 0
0, 0.0, 1, 0
0, 0.0, 1, 0
0, 0.0, 1, 0
0, 0.0, 1, 0
0, 0.0, 1, 0
0, 0.0, 1, 0
0, 0.0, 1, 0
0, 0.0, 1, 0
0, 4.440892098500626E-16, 0, 0
0, 0.0, 0, 0
0, 0.0, 0, 0
0, 0.0, 0, 0
0, 0.0, 0, 0
0, 0.0, 0, 0
0, 0.0, 0, 0
0, 0.0, 0, 0
0, 0.0, 0, 0
0, 0.0, 1, 0
0, 0.0, 1, 0
0, 0.0, 1, 0
1, 0.0, 1, 1
1, 0.0, 1, 1
1, 0.0, 1, 1
1, 0.0, 1, 1
1, 0.0, 1, 1
1, 0.0, 1, 1
1, 0.0, 1, 1
1, 0.0, 1, 1
1, 0.0, 1, 1
1, 0.0, 1, 1
1, 0.0, 1, 1
1, 0.0, 1, 1
1, 0.0, 1, 1
1, 0.0, 1, 1
1, 0.0, 1, 1
1, 0.0, 1, 1
1, 0.0, 1, 1
0, 0.0, 0, 0
0, 0.0, 0, 0
0, 0.0, 0, 0
0, 0.0, 1, 0
0, 0.0, 1, 0
0, 0.0, 1, 0
0, 0.0, 1, 0
0, 0.0, 0, 0
0, 0.0, 0, 0
0, 0.0, 0, 0
0, 0.0, 0, 0
0, 0.0, 0, 0
0, 1.1102230246251565E-16, 0, 0
0, 0.0, 0, 0
0, 0.0, 0, 0
0, 0.0, 0, 1
0, 0.0, 0, 1
0, 0.0, 0, 1
0, 0.0, 0, 1
0, 0.0, 0, 1
0, 0.0, 0, 1
0, 0.0, 0, 1
0, 0.0, 0, 1
0, 0.0, 1, 0
0, 0.0, 1, 0
0, 0.0, 1, 0
0, 0.0, 1, 0
0, 0.0, 1, 0
0, 0.0, 1, 0
0, 0.0, 1, 0
0, 0.0, 1, 0
0, 0.0, 1, 0
0, 0.0, 1, 0
0, 0.0, 1, 0
0, 0.0, 1, 0
0, 0.0, 1, 0
0, 0.0, 1, 0
0, 0.0, 1, 0
0, 0.0, 1, 0
0, 0.0, 1, 0
0, 0.0, 1, 0
0, -2.220446049250313E-16, 0, 0
0, 2.220446049250313E-16, 0, 0
0, 0.0, 0, 0
0, 0.0, 0, 0
0, 0.0, 0, 0
0, 0.0, 0, 0
0, 0.0, 0, 0
0, 0.0, 0, 0
0, 0.0, 0, 0
0, 2.220446049250313E-16, 1, 0
0, 0.0, 1, 0
0, 0.0, 1, 0
1, 0.0, 1, 1
1, 0.0, 1, 1
1, 0.0, 1, 1
1, 0.0, 1, 1
1, 0.0, 1, 1
1, 0.0, 1, 1
1, 0.0, 1, 1
1, 0.0, 1, 1
1, 0.0, 1, 1
1, 0.0, 1, 1
1, 0.0, 1, 1
1, 0.0, 1, 1
1, 0.0, 1, 1
1, 0.0, 1, 1
1, 0.0, 1, 1
1, 0.0, 1, 1
1, 0.0, 1, 1
0, 0.0, 0, 0
0, 2.220446049250313E-16, 0, 0
0, 0.0, 0, 0
0, 0.0, 1, 0
0, 0.0, 1, 0
0, 0.0, 1, 0
0, 0.0, 1, 0
0, 0.0, 0, 0
0, 0.0, 0, 0
0, 0.0, 0, 0
0, 0.0, 0, 0
0, 0.0, 0, 0
0, 0.0, 0, 0
0, 0.0, 0, 0
0, 0.0, 0, 0
0, 0.0, 0, 1
0, 0.0, 0, 1
0, 0.0, 0, 1
0, 0.0, 0, 1
0, 0.0, 0, 1
0, 0.0, 0, 1
0, 0.0, 0, 1
0, 0.0, 0, 1
0, 0.0, 1, 0
0, 0.0, 1, 0
0, 0.0, 1, 0
0, 0.0, 1, 0
0, 0.0, 1, 0
0, 0.0, 1, 0
0, 0.0, 1, 0
0, 0.0, 1, 0
0, 0.0, 1, 0
0, 0.0, 1, 0
0, 0.0, 1, 0
0, 0.0, 1, 0
0, 0.0, 1, 0
0, 0.0, 1, 0
0, 0.0, 1, 0
0, 0.0, 1, 0
0, 0.0, 1, 0
0, 0.0, 1, 0
0, -2.220446049250313E-16, 0, 0
0, 0.0, 0, 0
0, 2.220446049250313E-16, 0, 0
0, 0.0, 0, 0
0, 0.0, 0, 0
0, 0.0, 0, 0
0, 0.0, 0, 0
0, 0.0, 0, 0
0, 0.0, 0, 0
0, -2.220446049250313E-16, 1, 0
0, 1.1102230246251565E-16, 1, 0
0, -2.220446049250313E-16, 1, 0
1, 0.0, 1, 1
1, 0.0, 1, 1
1, 0.0, 1, 1
1, 0.0, 1, 1
1, 0.0, 1, 1
1, 0.0, 1, 1
1, 0.0, 1, 1
1, 0.0, 1, 1
1, 0.0, 1, 1
1, 0.0, 1, 1
1, 0.0, 1, 1
1, 0.0, 1, 1
1, 0.0, 1, 1
1, 0.0, 1, 1
1, 0.0, 1, 1
1, 0.0, 1, 1
1, 0.0, 1, 1
0, 0.0, 0, 0
0, 2.220446049250313E-16, 0, 0
0, 0.0, 0, 0
0, 0.0, 1, 0
0, 0.0, 1, 0
0, 0.0, 1, 0
0, 0.0, 1, 0
0, 0.0, 0, 0
0, 0.0, 0, 0
0, 0.0, 0, 0
0, 0.0, 0, 0
0, 0.0, 0, 0
0, 0.0, 0, 0
0, 0.0, 0, 0
0, -2.220446049250313E-16, 0, 0
0, 0.0, 0, 1
0, 0.0, 0, 1
0, 0.0, 0, 1
0, 0.0, 0, 1
0, 0.0, 0, 1
0, 0.0, 0, 1
0, 0.0, 0, 1
0, 0.0, 0, 1
0, 0.0, 1, 0
0, 0.0, 1, 0
0, 0.0, 1, 0
0, 0.0, 1, 0
0, 0.0, 1, 0
0, 0.0, 1, 0
0, 0.0, 1, 0
0, 0.0, 1, 0
0, 0.0, 1, 0
0, 0.0, 1, 0
0, 0.0, 1, 0
0, 0.0, 1, 0
0, 0.0, 1, 0
0, 0.0, 1, 0
0, 0.0, 1, 0
0, 0.0, 1, 0
0, 0.0, 1, 0
0, 0.0, 1, 0
0, -2.220446049250313E-16, 0, 0
0, 0.0, 0, 0
0, 0.0, 0, 0
0, 0.0, 0, 0
0, 0.0, 0, 0
0, 0.0, 0, 0
0, 0.0, 0, 0
0, 0.0, 0, 0
0, 0.0, 0, 0
0, -2.220446049250313E-16, 1, 0
0, 0.0, 1, 0
0, 2.220446049250313E-16, 1, 0
1, 0.0, 1, 1
1, 0.0, 1, 1
1, 0.0, 1, 1
1, 0.0, 1, 1
1, 0.0, 1, 1
1, 0.0, 1, 1
1, 0.0, 1, 1
1, 0.0, 1, 1
1, 0.0, 1, 1
1, 0.0, 1, 1
1, 0.0, 1, 1
1, 0.0, 1, 1
1, 0.0, 1, 1
1, 0.0, 1, 1
1, 0.0, 1, 1
1, 0.0, 1, 1
1, 0.0, 1, 1
0, 0.0, 0, 0
0, 0.0, 0, 0
0, 0.0, 0, 0
0, 0.0, 1, 0
0, 0.0, 1, 0
0, 0.0, 1, 0
0, 0.0, 1, 0
0, 0.0, 0, 0
0, 0.0, 0, 0
0, 0.0, 0, 0
0, 0.0, 0, 0
0, 0.0, 0, 0
0, 0.0, 0, 0
0, 2.220446049250313E-16, 0, 0
0, 0.0, 0, 0
0, 0.0, 0, 1
0, 0.0, 0, 1
0, 0.0, 0, 1
0, 0.0, 0, 1
0, 0.0, 0, 1
0, 0.0, 0, 1
0, 0.0, 0, 1
0, 0.0, 0, 1
0, 0.0, 1, 0
0, 1.1102230246251565E-16, 1, 0
0, 1.1102230246251565E-16, 1, 0
0, 0.0, 1, 0
0, 0.0, 1, 0
0, 0.0, 1, 0
0, 0.0, 1, 0
0, 0.0, 1, 0
0, 0.0, 1, 0
0, 0.0, 1, 0
0, 0.0, 1, 0
0, 0.0, 1, 0
0, 0.0, 1, 0
0, 0.0, 1, 0
0, 0.0, 1, 0
0, 0.0, 1, 0
0, 0.0, 1, 0
0, 0.0, 1, 0
0, 1.1102230246251565E-16, 0, 0
0, -2.220446049250313E-16, 0, 0
0, 1.1102230246251565E-16, 0, 0
0, 0.0, 0, 0
0, 0.0, 0, 0
0, 0.0, 0, 0
0, 0.0, 0, 0
0, 0.0, 0, 0
0, 0.0, 0, 0
0, 1.1102230246251565E-16, 1, 0
0, 1.1102230246251565E-16, 1, 0
0, -2.220446049250313E-16, 1, 0
1, 0.0, 1, 1
1, 0.0, 1, 1
1, 0.0, 1, 1
1, 0.0, 1, 1
1, 0.0, 1, 1
1, 0.0, 1, 1
1, 0.0, 1, 1
1, 0.0, 1, 1
1, 0.0, 1, 1
1, 0.0, 1, 1
1, 0.0, 1, 1
1, 0.0, 1, 1
1, 0.0, 1, 1
1, 0.0, 1, 1
1, 0.0, 1, 1
1, 0.0, 1, 1
1, 0.0, 1, 1
0, 0.0, 0, 0
0, 0.0, 0, 0
0, 0.0, 0, 0
0, 0.0, 1, 0
0, 0.0, 1, 0
0, 0.0, 1, 0
0, 0.0, 1, 0
0, 0.0, 0, 0
0, 0.0, 0, 0
0, 0.0, 0, 0
0, 0.0, 0, 0
0, 0.0, 0, 0
0, 1.1102230246251565E-16, 0, 0
0, 0.0, 0, 0
0, -2.220446049250313E-16, 0, 0
0, 0.0, 0, 1
0, 0.0, 0, 1
0, 0.0, 0, 1
0, 0.0, 0, 1
0, 0.0, 0, 1
0, 0.0, 0, 1
0, 0.0, 0, 1
0, 0.0, 0, 1
0, 0.0, 1, 0
0, 0.0, 1, 0
0, 0.0, 1, 0
0, 0.0, 1, 0
0, 0.0, 1, 0
0, 0.0, 1, 0
0, 0.0, 1, 0
0, 0.0, 1, 0
0, 0.0, 1, 0
0, 0.0, 1, 0
0, 0.0, 1, 0
0, 0.0, 1, 0
0, 0.0, 1, 0
0, 0.0, 1, 0
0, 0.0, 1, 0
0, 0.0, 1, 0
0, 0.0, 1, 0
0, 0.0, 1, 0
0, 0.0, 0, 0
0, 0.13333333333333341, 0, 0
0, 0.0, 0, 0
0, 0.0, 0, 0
0, 0.0, 0, 0
0, 0.0, 0, 0
0, 0.0, 0, 0
0, 0.0, 0, 0
0, 0.0, 0, 0
0, 2.220446049250313E-16, 1, 0
0, 1.1102230246251565E-16, 1, 0
0, 1.1102230246251565E-16, 1, 0
1, 0.0, 1, 1
1, 0.0, 1, 1
1, 0.0, 1, 1
1, 0.0, 1, 1
1, 0.0, 1, 1
1, 0.0, 1, 1
1, 0.0, 1, 1
1, 0.0, 1, 1
1, 0.0, 1, 1
1, 0.0, 1, 1
1, 0.0, 1, 1
1, 0.0, 1, 1
1, 0.0, 1, 1
1, 0.0, 1, 1
1, 0.0, 1, 1
1, 0.0, 1, 1
1, 0.0, 1, 1
0, 0.0, 0, 0
0, 2.220446049250313E-16, 0, 0
0, 0.0, 0, 0
0, 0.0, 1, 0
0, 0.0, 1, 0
0, 0.0, 1, 0
0, 0.0, 1, 0
0, 0.0, 0, 0
0, 0.0, 0, 0
0, 0.0, 0, 0
0, 0.0, 0, 0
0, 0.0, 0, 0
0, 0.0, 0, 0
0, 0.0, 0, 0
0, 0.052631578947368585, 0, 0
0, 0.0, 0, 1
0, 0.0, 0, 1
0, 0.0, 0, 1
0, 0.0, 0, 1
0, 0.0, 0, 1
0, 0.0, 0, 1
0, 0.0, 0, 1
0, 0.0, 0, 1
0, 0.0, 1, 0
0, 2.220446049250313E-16, 1, 0
0, 1.1102230246251565E-16, 1, 0
0, 0.0, 1, 0
0, 0.0, 1, 0
0, 0.0, 1, 0
0, 0.0, 1, 0
0, 0.0, 1, 0
0, 0.0, 1, 0
0, 0.0, 1, 0
0, 0.0, 1, 0
0, 0.0, 1, 0
0, 0.0, 1, 0
0, 0.0, 1, 0
0, 0.0, 1, 0
0, 0.0, 1, 0
0, 0.0, 1, 0
0, 0.0, 1, 0
0, 2.220446049250313E-16, 0, 0
0, 1.1102230246251565E-16, 0, 0
0, -2.220446049250313E-16, 0, 0
0, 0.0, 0, 0
0, 0.0, 0, 0
0, 0.0, 0, 0
0, 0.0, 0, 0
0, 0.0, 0, 0
0, 0.0, 0, 0
0, 0.0, 1, 0
0, 2.220446049250313E-16, 1, 0
0, 2.220446049250313E-16, 1, 0
1, 0.0, 1, 1
1, 0.0, 1, 1
1, 0.0, 1, 1
1, 0.0, 1, 1
1, 0.0, 1, 1
1, 0.0, 1, 1
1, 0.0, 1, 1
1, 0.0, 1, 1
1, 0.0, 1, 1
1, 0.0, 1, 1
1, 0.0, 1, 1
1, 0.0, 1, 1
1, 0.0, 1, 1
1, 0.0, 1, 1
1, 0.0, 1, 1
1, 0.0, 1, 1
1, 0.0, 1, 1
0, 0.0, 0, 0
0, -2.220446049250313E-16, 0, 0
0, 0.0, 0, 0
0, 0.0, 1, 0
0, 0.0, 1, 0
0, 0.0, 1, 0
0, 0.0, 1, 0
0, 0.0, 0, 0
0, 0.0, 0, 0
0, 0.0, 0, 0
0, 0.0, 0, 0
0, 0.0, 0, 0
0, 0.0, 0, 0
0, 0.0, 0, 0
0, 2.220446049250313E-16, 0, 0
0, 0.0, 0, 1
0, 0.0, 0, 1
0, 0.0, 0, 1
0, 0.0, 0, 1
0, 0.0, 0, 1
0, 0.0, 0, 1
0, 0.0, 0, 1
0, 0.0, 0, 1
0, 0.0, 1, 0
0, 1.1102230246251565E-16, 1, 0
0, 0.0, 1, 0
0, 0.0, 1, 0
0, 0.0, 1, 0
0, 0.0, 1, 0
0, 0.0, 1, 0
0, 0.0, 1, 0
0, 0.0, 1, 0
0, 0.0, 1, 0
0, 0.0, 1, 0
0, 0.0, 1, 0
0, 0.0, 1, 0
0, 0.0, 1, 0
0, 0.0, 1, 0
0, 0.0, 1, 0
0, 0.0, 1, 0
0, 0.0, 1, 0
0, 2.220446049250313E-16, 0, 0
0, 1.1102230246251565E-16, 0, 0
0, 0.0, 0, 0
0, 0.0, 0, 0
0, 0.0, 0, 0
0, 0.0, 0, 0
0, 0.0, 0, 0
0, 0.0, 0, 0
0, 0.0, 0, 0
0, 2.220446049250313E-16, 1, 0
0, 0.0, 1, 0
0, 2.220446049250313E-16, 1, 0
1, 0.0, 1, 1
1, 0.0, 1, 1
1, 0.0, 1, 1
1, 0.0, 1, 1
1, 0.0, 1, 1
1, 0.0, 1, 1
1, 0.0, 1, 1
1, 0.0, 1, 1
1, 0.0, 1, 1
1, 0.0, 1, 1
1, 0.0, 1, 1
1, 0.0, 1, 1
1, 0.0, 1, 1
1, 0.0, 1, 1
1, 0.0, 1, 1
1, 0.0, 1, 1
1, 0.0, 1, 1
0, 0.0, 0, 0
0, 0.0, 0, 0
0, 0.0, 0, 0
0, 0.0, 1, 0
0, 0.0, 1, 0
0, 0.0, 1, 0
0, 1.1102230246251565E-16, 1, 0
0, 0.0, 0, 0
0, 0.0, 0, 0
0, 0.0, 0, 0
0, 0.0, 0, 0
0, 0.0, 0, 0
0, 0.0, 0, 0
0, 0.0, 0, 0
0, 3.3306690738754696E-16, 0, 0
0, 0.0, 0, 1
0, 0.0, 0, 1
0, 0.0, 0, 1
0, 0.0, 0, 1
0, 0.0, 0, 1
0, 0.0, 0, 1
0, 0.0, 0, 1
0, 0.0, 0, 1
0, 0.0, 1, 0
0, 1.1102230246251565E-16, 1, 0
0, 1.1102230246251565E-16, 1, 0
0, 0.0, 1, 0
0, 0.0, 1, 0
0, 0.0, 1, 0
0, 0.0, 1, 0
0, 0.0, 1, 0
0, 0.0, 1, 0
0, 0.0, 1, 0
0, 0.0, 1, 0
0, 0.0, 1, 0
0, 0.0, 1, 0
0, 0.0, 1, 0
0, 0.0, 1, 0
0, 0.0, 1, 0
0, 0.0, 1, 0
0, 0.0, 1, 0
0, 2.220446049250313E-16, 0, 0
0, -4.440892098500626E-16, 0, 0
0, 1.1102230246251565E-16, 0, 0
0, 0.0, 0, 0
0, 0.0, 0, 0
0, 0.0, 0, 0
0, 0.0, 0, 0
0, 0.0, 0, 0
0, 0.0, 0, 0
0, 2.220446049250313E-16, 1, 0
0, 0.0, 1, 0
0, -2.220446049250313E-16, 1, 0
1, 0.0, 1, 1
1, 0.0, 1, 1
1, 0.0, 1, 1
1, 0.0, 1, 1
1, 0.0, 1, 1
1, 0.0, 1, 1
1, 0.0, 1, 1
1, 0.0, 1, 1
1, 0.0, 1, 1
1, 0.0, 1, 1
1, 0.0, 1, 1
1, 0.0, 1, 1
1, 0.0, 1, 1
1, 0.0, 1, 1
1, 0.0, 1, 1
1, 0.0, 1, 1
1, 0.0, 1, 1
0, 0.0, 0, 0
0, 0.0, 0, 0
0, 0.0, 0, 0
0, 0.0, 1, 0
0, 0.0, 1, 0
0, 0.0, 1, 0
0, 0.0, 1, 0
0, 0.0, 0, 0
0, 0.0, 0, 0
0, 0.0, 0, 0
0, 0.0, 0, 0
0, 0.0, 0, 0
0, 1.1102230246251565E-16, 0, 0
0, 0.0, 0, 0
0, 2.220446049250313E-16, 0, 0
0, 0.0, 0, 1
0, 0.0, 0, 1
0, 0.0, 0, 1
0, 0.0, 0, 1
0, 0.0, 0, 1
0, 0.0, 0, 1
0, 0.0, 0, 1
0, 0.0, 0, 1
0, 0.0, 1, 0
0, 1.1102230246251565E-16, 1, 0
0, 0.0, 1, 0
0, 0.0, 1, 0
0, 0.0, 1, 0
0, 0.0, 1, 0
0, 0.0, 1, 0
0, 0.0, 1, 0
0, 0.0, 1, 0
0, 0.0, 1, 0
0, 0.0, 1, 0
0, 0.0, 1, 0
0, 0.0, 1, 0
0, 0.0, 1, 0
0, 0.0, 1, 0
0, 0.0, 1, 0
0, 0.0, 1, 0
0, 0.0, 1, 0
0, 4.440892098500626E-16, 0, 0
0, 1.1102230246251565E-16, 0, 0
0, 1.1102230246251565E-16, 0, 0
0, 0.0, 0, 0
0, 0.0, 0, 0
0, 0.0, 0, 0
0, 0.0, 0, 0
0, 0.0, 0, 0
0, 0.0, 0, 0
0, 0.0, 1, 0
0, 2.220446049250313E-16, 1, 0
0, -2.220446049250313E-16, 1, 0
1, 0.0, 1, 1
1, 0.0, 1, 1
1, 0.0, 1, 1
1, 0.0, 1, 1
1, 0.0, 1, 1
1, 0.0, 1, 1
1, 0.0, 1, 1
1, 0.0, 1, 1
1, 0.0, 1, 1
1, 0.0, 1, 1
1, 0.0, 1, 1
1, 0.0, 1, 1
1, 0.0, 1, 1
1, 0.0, 1, 1
1, 0.0, 1, 1
1, 0.0, 1, 1
1, 0.0, 1, 1
0, 0.0, 0, 0
0, 0.0, 0, 0
0, 0.0, 0, 0
0, 0.0, 1, 0
0, 0.0, 1, 0
0, 0.0, 1, 0
0, 0.0, 1, 0
0, 0.0, 0, 0
0, 0.0, 0, 0
0, 0.0, 0, 0
0, 0.0, 0, 0
0, 1.1102230246251565E-16, 0, 0
0, 0.0, 0, 0
0, 0.0, 0, 0
0, -2.220446049250313E-16, 0, 0
0, 0.0, 0, 1
0, 0.0, 0, 1
0, 0.0, 0, 1
0, 0.0, 0, 1
0, 0.0, 0, 1
0, 0.0, 0, 1
0, 0.0, 0, 1
0, 0.0, 0, 1
0, 0.0, 1, 0
0, 0.0, 1, 0
0, 0.0, 1, 0
0, 0.0, 1, 0
0, 0.0, 1, 0
0, 0.0, 1, 0
0, 0.0, 1, 0
0, 0.0, 1, 0
0, 0.0, 1, 0
0, 0.0, 1, 0
0, 0.0, 1, 0
0, 0.0, 1, 0
0, 0.0, 1, 0
0, 0.0, 1, 0
0, 0.0, 1, 0
0, 0.0, 1, 0
0, 0.0, 1, 0
0, 0.0, 1, 0
0, 3.3306690738754696E-16, 0, 0
0, 0.0, 0, 0
0, 1.1102230246251565E-16, 0, 0
0, 0.0, 0, 0
0, 0.0, 0, 0
0, 0.0, 0, 0
0, 0.0, 0, 0
0, 0.0, 0, 0
0, 0.0, 0, 0
0, 2.220446049250313E-16, 1, 0
0, 0.0, 1, 0
0, 2.220446049250313E-16, 1, 0
1, 0.0, 1, 1
1, 0.0, 1, 1
1, 0.0, 1, 1
1, 0.0, 1, 1
1, 0.0, 1, 1
1, 0.0, 1, 1
1, 0.0, 1, 1
1, 0.0, 1, 1
1, 0.0, 1, 1
1, 0.0, 1, 1
1, 0.0, 1, 1
1, 0.0, 1, 1
1, 0.0, 1, 1
1, 0.0, 1, 1
1, 0.0, 1, 1
1, 0.0, 1, 1
1, 0.0, 1, 1
0, 0.0, 0, 0
0, 2.220446049250313E-16, 0, 0
0, 0.0, 0, 0
0, 0.0, 1, 0
0, 0.0, 1, 0
0, 0.0, 1, 0
0, 0.0, 1, 0
0, 0.0, 0, 0
0, 0.0, 0, 0
0, 0.0, 0, 0
0, 0.0, 0, 0
0, 0.0, 0, 0
0, 2.220446049250313E-16, 0, 0
0, 0.0, 0, 0
0, 2.220446049250313E-16, 0, 0
0, 0.0, 0, 1
0, 0.0, 0, 1
0, 0.0, 0, 1
0, 0.0, 0, 1
0, 0.0, 0, 1
0, 0.0, 0, 1
0, 0.0, 0, 1
0, 0.0, 0, 1
0, 0.0, 1, 0
0, 0.0, 1, 0
0, 1.1102230246251565E-16, 1, 0
0, 0.0, 1, 0
0, 0.0, 1, 0
0, 0.0, 1, 0
0, 0.0, 1, 0
0, 0.0, 1, 0
0, 0.0, 1, 0
0, 0.0, 1, 0
0, 0.0, 1, 0
0, 0.0, 1, 0
0, 0.0, 1, 0
0, 0.0, 1, 0
0, 0.0, 1, 0
0, 0.0, 1, 0
0, 0.0, 1, 0
0, 0.0, 1, 0
0, 2.220446049250313E-16, 0, 0
0, 2.220446049250313E-16, 0, 0
0, 1.1102230246251565E-16, 0, 0
0, 0.0, 0, 0
0, 0.0, 0, 0
0, 0.0, 0, 0
0, 0.0, 0, 0
0, 0.0, 0, 0
0, 0.0, 0, 0
0, 2.220446049250313E-16, 0, 1
0, 1.1102230246251565E-16, 0, 1
0, 2.220446049250313E-16, 0, 1
0, 0.0, 0, 0
0, 0.0, 0, 0
0, 0.0, 0, 0
0, 0.0, 0, 0
0, 0.0, 0, 0
0, 0.0, 0, 0
0, 0.0, 0, 0
0, 0.0, 0, 0
0, 0.0, 0, 0
0, 0.0, 0, 0
0, 0.0, 0, 0
0, 0.0, 0, 0
0, 0.0, 0, 0
0, 0.0, 0, 0
0, 0.0, 0, 0
0, 0.0, 0, 0
0, 0.0, 0, 0
0, 0.0, 0, 0
1, 2.220446049250313E-16, 1, 1
1, 0.0, 1, 1
0, 0.0, 0, 0
0, 0.0, 0, 0
0, 0.0, 0, 0
0, 0.0, 0, 0
0, 0.0, 1, 0
0, 0.0, 1, 0
0, 0.0, 1, 0
0, 0.0, 0, 0
0, 0.0, 0, 0
0, -2.220446049250313E-16, 0, 0
0, 0.0, 0, 0
0, -2.220446049250313E-16, 0, 0
0, 0.0, 0, 0
0, 0.0, 0, 0
0, 0.0, 0, 0
0, 0.0, 0, 0
0, 0.0, 0, 0
0, 0.0, 0, 0
0, 0.0, 0, 0
0, 0.0, 0, 0
0, 0.0, 0, 0
0, 0.0, 0, 0
0, 0.0, 0, 0
0, 0.0, 0, 0
0, 0.0, 0, 0
0, 0.0, 0, 0
0, 0.0, 0, 0
0, 0.0, 0, 0
0, 0.0, 0, 0
0, 0.0, 0, 0
0, 0.0, 0, 0
0, 0.0, 0, 0
0, 0.0, 0, 0
0, 0.0, 0, 0
0, 0.0, 0, 0
0, 0.0, 0, 0
0, 0.0, 0, 0
0, 0.0, 0, 0
0, -2.220446049250313E-16, 0, 1
0, -2.220446049250313E-16, 0, 1
0, 1.1102230246251565E-16, 0, 1
0, 0.0, 0, 0
0, 0.0, 0, 0
0, 0.0, 0, 0
0, 0.0, 1, 0
0, 0.0, 1, 0
0, 0.0, 1, 0
0, 0.0, 0, 1
0, 0.25, 0, 1
0, 0.0, 0, 1
0, 0.0, 0, 0
0, 0.0, 0, 0
0, 0.0, 0, 0
0, 0.0, 0, 0
0, 0.0, 0, 0
0, 0.0, 0, 0
0, 0.0, 0, 0
0, 0.0, 0, 0
0, 0.0, 0, 0
0, 0.0, 0, 0
0, 0.0, 0, 0
0, 0.0, 0, 0
0, 0.0, 0, 0
0, 0.0, 0, 0
0, 0.0, 0, 0
0, 0.0, 0, 0
0, 0.0, 0, 0
0, 0.0, 0, 0
1, 0.0, 1, 1
1, 0.0, 1, 1
0, 0.0, 0, 0
0, 0.0, 0, 0
0, 0.0, 0, 0
0, 0.0, 0, 0
0, 0.0, 1, 0
0, 0.0, 1, 0
0, 0.0, 1, 0
0, 0.0, 0, 0
0, 0.0, 0, 0
0, 1.1102230246251565E-16, 0, 0
0, 0.0, 0, 0
0, 1.1102230246251565E-16, 0, 0
0, 0.0, 0, 0
0, 0.0, 0, 0
0, 0.0, 0, 0
0, 0.0, 0, 0
0, 0.0, 0, 0
0, 0.0, 0, 0
0, 0.0, 0, 0
0, 0.0, 0, 0
0, 0.0, 0, 0
0, 0.0, 0, 0
0, 0.0, 0, 0
0, 0.0, 0, 0
0, 0.0, 0, 0
0, 0.0, 0, 0
0, 0.0, 0, 0
0, 0.0, 0, 0
0, 0.0, 0, 0
0, 0.0, 0, 0
0, 0.0, 0, 0
0, 0.0, 0, 0
0, 0.0, 0, 0
0, 0.0, 0, 0
0, 0.0, 0, 0
0, 0.0, 0, 0
0, 0.0, 0, 0
0, 0.0, 0, 0
0, -2.220446049250313E-16, 0, 1
0, 0.0, 0, 1
0, 0.0, 0, 1
0, 0.0, 0, 0
0, 0.0, 0, 0
0, 0.0, 0, 0
0, 0.0, 1, 0
0, 0.33333333333333337, 1, 0
0, 0.0, 1, 0
0, 0.0, 0, 1
0, 0.0, 0, 1
0, 2.220446049250313E-16, 0, 1
0, 0.0, 0, 0
0, 0.0, 0, 0
0, 0.0, 0, 0
0, 0.0, 0, 0
0, 0.0, 0, 0
0, 0.0, 0, 0
0, 0.0, 0, 0
0, 0.0, 0, 0
0, 0.0, 0, 0
0, 0.0, 0, 0
0, 0.0, 0, 0
0, 0.0, 0, 0
0, 0.0, 0, 0
0, 0.0, 0, 0
0, 0.0, 0, 0
0, 0.0, 0, 0
0, 0.0, 0, 0
0, 0.0, 0, 0
1, 0.0, 1, 1
1, 0.0, 1, 1
0, 0.0, 0, 0
0, 0.0, 0, 0
0, 0.0, 0, 0
0, 0.0, 0, 0
0, 0.0, 1, 0
0, 0.0, 1, 0
0, 0.0, 1, 0
0, 0.0, 0, 0
0, 0.0, 0, 0
0, 0.0, 0, 0
0, 0.0, 0, 0
0, 0.0, 0, 0
0, 0.0, 0, 0
0, 0.0, 0, 0
0, 0.0, 0, 0
0, 0.0, 0, 0
0, 0.0, 0, 0
0, 0.0, 0, 0
0, 0.0, 0, 0
0, 0.0, 0, 0
0, 0.0, 0, 0
0, 0.0, 0, 0
0, 0.0, 0, 0
0, 0.0, 0, 0
0, 0.0, 0, 0
0, 0.0, 0, 0
0, 0.0, 0, 0
0, 0.0, 0, 0
0, 0.0, 0, 0
0, 0.0, 0, 0
0, 0.0, 0, 0
0, 0.0, 0, 0
0, 0.0, 0, 0
0, 0.0, 0, 0
0, 0.0, 0, 0
0, 0.0, 0, 0
0, 0.0, 0, 0
0, 0.0, 0, 0
0, 0.0, 0, 1
0, 2.220446049250313E-16, 0, 1
0, 0.0, 0, 1
0, 0.0, 0, 0
0, 0.0, 0, 0
0, 0.0, 0, 0
0, 0.0, 1, 0
0, 0.0, 1, 0
0, 0.0, 1, 0
0, 2.220446049250313E-16, 1, 0
0, 0.0625, 1, 0
0, 0.05555555555555536, 1, 0
0, 0.0, 1, 0
0, 0.0, 1, 0
0, 0.0, 1, 0
0, 0.0, 1, 0
0, 0.0, 1, 0
0, 0.0, 1, 0
0, 0.0, 1, 0
0, 0.0, 1, 0
0, 0.0, 1, 0
0, 0.0, 1, 0
0, 0.0, 1, 0
0, 0.0, 1, 0
0, 0.0, 1, 0
0, 0.0, 1, 0
0, 0.19999999999999996, 1, 0
0, 0.0, 1, 0
0, 0.0, 1, 0
0, 0.0, 1, 0
0, 0.0, 0, 0
0, 0.0, 0, 0
0, 0.0, 0, 0
1, 0.0, 1, 1
1, 2.220446049250313E-16, 1, 1
1, 0.0, 1, 1
0, 0.0, 0, 0
0, 0.0, 0, 0
0, 0.0, 0, 0
0, 0.0, 0, 0
0, 0.0, 0, 0
0, 2.220446049250313E-16, 0, 1
0, 2.220446049250313E-16, 0, 1
0, -2.220446049250313E-16, 0, 1
0, 0.0, 0, 0
0, 0.0, 0, 0
0, 0.0, 0, 0
0, 0.0, 0, 0
0, 0.0, 0, 0
0, 0.0, 0, 0
0, 0.0, 0, 0
0, 0.0, 0, 0
0, 1.1102230246251565E-16, 1, 0
0, 1.1102230246251565E-16, 1, 0
0, -2.220446049250313E-16, 1, 0
0, 0.0, 1, 0
0, 1.1102230246251565E-16, 1, 0
0, 0.0, 1, 0
0, 0.0, 1, 0
0, 0.0, 1, 0
0, 0.0, 1, 0
0, 0.0, 1, 0
0, 0.0, 1, 0
0, 0.0, 1, 0
0, 0.5, 1, 0
0, 0.0, 1, 0
0, 0.0, 1, 0
0, 0.0, 1, 0
0, 0.0, 1, 0
0, 0.0, 1, 0
0, 0.0, 0, 0
0, 4.440892098500626E-16, 0, 0
0, -2.220446049250313E-16, 0, 0
0, 0.0, 0, 0
0, 0.0, 0, 0
0, 0.0, 0, 0
0, 0.0, 0, 1
0, 0.0, 0, 1
0, 0.0, 0, 1
0, 0.1086956521739133, 1, 0
0, 2.220446049250313E-16, 1, 0
0, 0.1587301587301586, 1, 0
0, 0.0, 1, 0
0, 0.0, 1, 0
0, 0.0, 1, 0
0, 0.0, 1, 0
0, 0.0, 1, 0
0, 0.0, 1, 0
0, 0.0, 1, 0
0, 0.0, 1, 0
0, 0.0, 1, 0
0, 0.0, 1, 0
0, 0.0, 1, 0
0, 0.0, 1, 0
0, 0.0, 1, 0
0, 0.0, 1, 0
0, 0.0, 1, 0
0, 0.0, 1, 0
0, 0.0, 1, 0
0, 0.0, 1, 0
0, 0.0, 0, 0
0, 0.0, 0, 0
0, 0.0, 0, 0
1, 0.0, 1, 1
1, 2.220446049250313E-16, 1, 1
1, 2.220446049250313E-16, 1, 1
0, 0.0, 0, 0
0, 0.0, 0, 0
0, 0.0, 0, 0
0, 0.0, 0, 0
0, 0.0, 0, 0
0, 2.220446049250313E-16, 0, 1
0, 4.440892098500626E-16, 0, 1
0, 3.3306690738754696E-16, 0, 1
0, 0.0, 0, 0
0, 0.0, 0, 0
0, 0.0, 0, 0
0, 0.0, 0, 0
0, 0.0, 0, 0
0, 0.0, 0, 0
0, 0.0, 0, 0
0, 0.0, 0, 0
0, 1.1102230246251565E-16, 1, 0
0, 2.220446049250313E-16, 1, 0
0, 1.1102230246251565E-16, 1, 0
0, 0.0, 1, 0
0, 2.220446049250313E-16, 1, 0
0, 0.0, 1, 0
0, 0.0, 1, 0
0, 0.0, 1, 0
0, 0.0, 1, 0
0, 0.0, 1, 0
0, 0.0, 1, 0
0, 0.0, 1, 0
0, 0.0, 1, 0
0, 0.0, 1, 0
0, 0.0, 1, 0
0, 0.0, 1, 0
0, 0.0, 1, 0
0, 0.0, 1, 0
0, -4.440892098500626E-16, 0, 0
0, 0.04878048780487765, 0, 0
0, 2.220446049250313E-16, 0, 0
0, 0.0, 0, 0
0, 0.0, 0, 0
0, 0.0, 0, 0
0, 0.0, 0, 1
0, 0.0, 0, 1
0, 0.0, 0, 1
0, 2.220446049250313E-16, 1, 0
0, -2.220446049250313E-16, 1, 0
0, 0.0625, 1, 0
0, 0.0, 1, 0
0, 0.0, 1, 0
0, 0.0, 1, 0
0, 0.0, 1, 0
0, 0.0, 1, 0
0, 0.0, 1, 0
0, 0.0, 1, 0
0, 0.0, 1, 0
0, 0.0, 1, 0
0, 0.0, 1, 0
0, 0.0, 1, 0
0, 0.0, 1, 0
0, 0.0, 1, 0
0, 0.0, 1, 0
0, 0.0, 1, 0
0, 0.0, 1, 0
0, 0.0, 1, 0
0, 0.0, 1, 0
0, 0.0, 0, 0
0, 1.1102230246251565E-16, 0, 0
0, 0.0, 0, 0
1, 0.0, 1, 1
1, 0.14285714285714302, 1, 1
1, 2.220446049250313E-16, 1, 1
0, 0.0, 0, 0
0, 0.0, 0, 0
0, 0.33333333333333337, 0, 0
0, 0.0, 0, 0
0, 0.0, 0, 0
0, 0.0, 0, 1
0, 0.04347826086956541, 0, 1
0, 0.06410256410256387, 0, 1
0, 0.0, 0, 0
0, 0.0, 0, 0
0, 0.0, 0, 0
0, 0.0, 0, 0
0, 0.0, 0, 0
0, 0.0, 0, 0
0, 0.0, 0, 0
0, 0.0, 0, 0
0, 1.1102230246251565E-16, 1, 0
0, 0.0, 1, 0
0, 0.05555555555555536, 1, 0
0, 0.0, 1, 0
0, 0.0, 1, 0
0, 0.0, 1, 0
0, 0.0, 1, 0
0, 0.0, 1, 0
0, 0.0, 1, 0
0, 0.0, 1, 0
0, 0.0, 1, 0
0, 0.0, 1, 0
0, 0.0, 1, 0
0, 0.0, 1, 0
0, 0.0, 1, 0
0, 0.0, 1, 0
0, 0.0, 1, 0
0, 0.0, 1, 0
0, 0.02272727272727315, 0, 0
0, 0.05405405405405417, 0, 0
0, 0.03225806451612945, 0, 0
0, 0.0, 0, 0
0, 0.0, 0, 0
0, 0.0, 0, 0
0, 0.0, 0, 1
0, 0.0, 0, 1
0, 0.0, 0, 1
0, 0.09090909090909127, 1, 0
0, 0.0, 1, 0
0, -2.220446049250313E-16, 1, 0
0, 0.0, 1, 0
0, 0.0, 1, 0
0, 0.0, 1, 0
0, 0.0, 1, 0
0, 0.0, 1, 0
0, 0.0, 1, 0
0, 0.0, 1, 0
0, 0.0, 1, 0
0, 0.0, 1, 0
0, 0.0, 1, 0
0, 0.0, 1, 0
0, 0.0, 1, 0
0, 0.0, 1, 0
0, 0.0, 1, 0
0, 0.0, 1, 0
0, 0.0, 1, 0
0, 0.0, 1, 0
0, 0.0, 1, 0
0, 0.0, 0, 0
0, 0.0, 0, 0
0, 0.0, 0, 0
1, 0.0, 1, 1
1, 0.0, 1, 1
1, 2.220446049250313E-16, 1, 1
0, 0.0, 0, 0
0, 0.0, 0, 0
0, 0.0, 0, 0
0, 0.0, 0, 0
0, 0.0, 0, 0
0, 2.220446049250313E-16, 0, 1
0, -2.220446049250313E-16, 0, 1
0, 0.0, 0, 1
0, 0.0, 0, 0
0, 0.0, 0, 0
0, 0.0, 0, 0
0, 0.0, 0, 0
0, 0.0, 0, 0
0, 0.0, 0, 0
0, 0.0, 0, 0
0, 0.0, 0, 0
0, 0.0, 1, 0
0, 0.0, 1, 0
0, 0.052631578947368585, 1, 0
0, 0.0, 1, 0
0, 1.1102230246251565E-16, 1, 0
0, 0.0, 1, 0
0, 0.0, 1, 0
0, 0.0, 1, 0
0, 0.0, 1, 0
0, 0.0, 1, 0
0, 0.0, 1, 0
0, 0.0, 1, 0
0, 0.0, 1, 0
0, 0.0, 1, 0
0, 0.0, 1, 0
0, 0.0, 1, 0
0, 0.0, 1, 0
0, 0.0, 1, 0
0, 6.661338147750939E-16, 0, 0
0, -2.220446049250313E-16, 0, 0
0, 1.1102230246251565E-16, 0, 0
0, 0.0, 0, 0
0, 0.0, 0, 0
0, 0.0, 0, 0
0, 0.0, 0, 1
0, 0.0, 0, 1
0, 0.0, 0, 1
0, 2.220446049250313E-16, 0, 0
0, 0.0, 0, 0
0, 2.220446049250313E-16, 0, 0
0, 0.0, 0, 0
0, 0.0, 0, 0
0, 0.0, 0, 0
0, 0.0, 0, 0
0, 0.0, 0, 0
0, 0.0, 0, 0
0, 0.0, 0, 0
0, 0.0, 0, 0
0, 0.0, 0, 0
0, 0.0, 0, 0
0, 0.0, 0, 0
0, 0.0, 0, 0
0, 0.0, 0, 0
0, 0.0, 0, 0
0, 0.0, 0, 0
0, 0.0, 0, 0
0, 0.0, 0, 0
0, 0.0, 0, 0
0, 0.0, 1, 0
0, 1.1102230246251565E-16, 1, 0
0, 0.0, 1, 0
0, 0.0, 0, 0
0, 1.1102230246251565E-16, 0, 0
0, 2.220446049250313E-16, 0, 0
0, 0.0, 0, 0
1, 0.0, 1, 1
1, 0.0, 1, 1
0, 0.0, 0, 0
0, 0.0, 0, 0
0, 4.440892098500626E-16, 0, 0
0, 0.0, 0, 0
0, -2.220446049250313E-16, 0, 0
0, 0.0, 0, 0
0, 0.0, 0, 0
0, 0.0, 0, 0
0, 0.0, 0, 0
0, 0.0, 0, 0
0, 0.0, 0, 0
0, 0.0, 0, 0
0, 0.0, 0, 0
0, 1.1102230246251565E-16, 0, 1
0, 2.220446049250313E-16, 0, 1
0, 0.0, 0, 1
0, 0.0, 0, 0
0, 1.1102230246251565E-16, 0, 0
0, 2.220446049250313E-16, 0, 0
0, 0.0, 0, 0
0, 0.0, 0, 0
0, 0.0, 0, 0
0, 0.0, 0, 0
0, 0.0, 0, 0
0, 0.0, 0, 0
0, 0.0, 0, 0
0, 0.0, 0, 0
0, 0.0, 0, 0
0, 0.0, 0, 0
0, 0.0, 0, 0
0, 0.0, 0, 0
0, 3.3306690738754696E-16, 0, 0
0, -4.440892098500626E-16, 0, 0
0, 1.1102230246251565E-16, 0, 0
0, 0.0, 0, 1
0, 0.0, 0, 1
0, 0.0, 0, 1
0, 0.0, 1, 0
0, 0.0, 1, 0
0, 0.0, 1, 0
0, 1.1102230246251565E-16, 0, 0
0, 0.0, 0, 0
0, 3.3306690738754696E-16, 0, 0
0, 0.0, 0, 0
0, 0.0, 0, 0
0, 0.0, 0, 0
0, 0.0, 0, 0
0, 0.0, 0, 0
0, 0.0, 0, 0
0, 0.0, 0, 0
0, 0.0, 0, 0
0, 0.0, 0, 0
0, 0.0, 0, 0
0, 0.0, 0, 0
0, 0.0, 0, 0
0, 0.0, 0, 0
0, 0.0, 0, 0
0, 0.0, 0, 0
0, 0.0, 0, 0
0, 0.0, 0, 0
0, 0.0, 0, 0
0, 0.0, 1, 0
0, 0.0, 1, 0
0, 0.0, 1, 0
0, 0.0, 0, 0
0, 0.0, 0, 0
0, 0.0, 0, 0
0, 1.1102230246251565E-16, 0, 0
1, 0.0, 1, 1
1, 0.0, 1, 1
0, 0.0, 0, 0
0, 0.0, 0, 0
0, 1.1102230246251565E-16, 0, 0
0, 1.1102230246251565E-16, 0, 0
0, 2.220446049250313E-16, 0, 0
0, 0.0, 0, 0
0, 0.0, 0, 0
0, 0.0, 0, 0
0, 0.0, 0, 0
0, 0.0, 0, 0
0, 0.0, 0, 0
0, 0.0, 0, 0
0, 0.0, 0, 0
0, 0.0, 0, 1
0, 0.0, 0, 1
0, 0.0, 0, 1
0, 0.0, 0, 0
0, 1.1102230246251565E-16, 0, 0
0, 0.0, 0, 0
0, 0.0, 0, 0
0, 0.0, 0, 0
0, 0.0, 0, 0
0, 0.0, 0, 0
0, 0.0, 0, 0
0, 0.0, 0, 0
0, 0.0, 0, 0
0, 0.0, 0, 0
0, 0.0, 0, 0
0, 0.0, 0, 0
0, 0.0, 0, 0
0, 0.0, 0, 0
0, -4.440892098500626E-16, 0, 0
0, 0.0, 0, 0
0, 0.0, 0, 0
0, 0.0, 0, 1
0, 0.0, 0, 1
0, 0.0, 0, 1
0, 0.0, 1, 0
0, 0.0, 1, 0
0, 0.0, 1, 0
0, 0.0499999999999996, 0, 0
0, -2.220446049250313E-16, 0, 0
0, 0.0625, 0, 0
0, 0.0, 0, 0
0, 0.0, 0, 0
0, 0.0, 0, 0
0, 0.0, 0, 0
0, 0.0, 0, 0
0, 0.0, 0, 0
0, 0.0, 0, 0
0, 0.0, 0, 0
0, 0.0, 0, 0
0, 0.0, 0, 0
0, 0.0, 0, 0
0, 0.0, 0, 0
0, 0.0, 0, 0
0, 0.0, 0, 0
0, 0.0, 0, 0
0, 0.0, 0, 0
0, 0.0, 0, 0
0, 0.0, 0, 0
0, 0.5, 1, 0
0, 1.1102230246251565E-16, 1, 0
0, 0.2857142857142858, 1, 0
0, 0.0, 0, 0
0, 0.0, 0, 0
0, 0.0, 0, 0
0, 0.0, 0, 0
1, 0.0, 1, 1
1, 0.0, 1, 1
0, 0.0, 0, 0
0, 0.0, 0, 0
0, 1.1102230246251565E-16, 0, 0
0, 0.05882352941176461, 0, 0
0, -2.220446049250313E-16, 0, 0
0, 0.0, 0, 0
0, 0.0, 0, 0
0, 0.0, 0, 0
0, 0.0, 0, 0
0, 0.0, 0, 0
0, 0.0, 0, 0
0, 0.0, 0, 0
0, 0.0, 0, 0
0, 0.0, 0, 1
0, 1.1102230246251565E-16, 0, 1
0, 0.08333333333333337, 0, 1
0, 0.0, 0, 0
0, -2.220446049250313E-16, 0, 0
0, 0.0, 0, 0
0, 0.0, 0, 0
0, 0.25, 0, 0
0, 0.0, 0, 0
0, 0.0, 0, 0
0, 0.0, 0, 0
0, 0.0, 0, 0
0, 0.0, 0, 0
0, 0.0, 0, 0
0, 0.0, 0, 0
0, 0.0, 0, 0
0, 0.0, 0, 0
0, 0.0, 0, 0
0, -2.220446049250313E-16, 0, 0
0, -2.220446049250313E-16, 0, 0
0, 0.0, 0, 0
0, 0.0, 0, 1
0, 0.0, 0, 1
0, 0.0, 0, 1
0, 0.0, 1, 0
0, 1.0, 1, 0
0, 0.25, 1, 0
0, 4.440892098500626E-16, 0, 0
0, 0.0, 0, 0
0, 0.0, 0, 0
0, 0.0, 0, 0
0, 0.0, 0, 0
0, 0.0, 0, 0
0, 0.0, 0, 0
0, 0.0, 0, 0
0, 0.0, 0, 0
0, 0.0, 0, 0
0, 0.0, 0, 0
0, 0.0, 0, 0
0, 0.0, 0, 0
0, 0.0, 0, 0
0, 0.0, 0, 0
0, 0.0, 0, 0
0, 0.0, 0, 0
0, 0.0, 0, 0
0, 0.0, 0, 0
0, 0.0, 0, 0
0, 0.0, 0, 0
0, 0.0, 0, 0
0, 2.220446049250313E-16, 0, 0
0, 1.1102230246251565E-16, 0, 0
0, 0.0, 0, 0
0, 0.0, 0, 0
0, 0.0, 0, 0
0, 0.0, 0, 0
0, 0.0, 0, 0
0, 0.0, 0, 0
0, 0.0, 0, 0
1, 0.0, 1, 1
0, 2.220446049250313E-16, 0, 0
0, 0.0, 0, 0
0, 0.0, 0, 0
0, 0.0, 1, 0
0, 0.0, 1, 0
0, 0.0, 1, 0
0, 0.0, 1, 0
0, 0.0, 1, 0
0, 0.0, 1, 0
0, 0.0, 1, 0
0, 0.0, 1, 0
0, 0.0, 0, 0
0, 0.0, 0, 0
0, 2.220446049250313E-16, 0, 0
0, 0.0, 0, 1
0, 2.220446049250313E-16, 0, 1
0, 0.0, 0, 1
0, 0.0, 0, 1
0, 0.0, 0, 1
0, 0.0, 0, 1
0, 0.0, 0, 1
0, 0.0, 0, 1
0, 0.0, 0, 1
0, 0.0, 0, 1
0, 0.0, 0, 1
0, 0.0, 0, 1
0, 0.0, 0, 1
0, 0.0, 0, 1
0, 0.0, 0, 1
0, -2.220446049250313E-16, 0, 0
0, 2.220446049250313E-16, 0, 0
0, 0.0, 0, 0
0, 0.0, 0, 0
0, 0.0, 0, 0
0, 0.0, 0, 0
0, 0.0, 0, 0
0, 0.0, 0, 0
0, 0.0, 0, 0
0, 0.0, 0, 0
0, 2.220446049250313E-16, 0, 0
0, 2.220446049250313E-16, 0, 0
0, 0.0, 0, 0
0, 0.0, 0, 0
0, 0.0, 0, 0
0, 0.0, 0, 0
0, 0.0, 0, 0
0, 0.0, 0, 0
0, 0.0, 0, 0
0, 0.0, 0, 0
0, 0.0, 0, 0
0, 0.0, 0, 0
0, 0.0, 0, 0
0, 0.0, 0, 0
0, 0.0, 0, 0
0, 0.0, 0, 0
0, 0.0, 0, 0
0, 0.0, 0, 0
0, 0.0, 0, 0
0, 0.0, 0, 0
0, 0.0, 0, 0
0, 0.0, 0, 0
0, 0.0, 0, 0
0, 0.0, 0, 0
0, 0.0, 0, 0
0, 0.0, 0, 0
0, 0.0, 0, 0
0, 0.0, 0, 0
0, 0.0, 0, 0
0, 0.0, 0, 0
1, 0.0, 1, 1
0, 0.0, 0, 0
0, 0.0, 0, 0
0, 3.3306690738754696E-16, 0, 0
0, 0.0, 1, 0
0, 0.0, 1, 0
0, 0.0, 1, 0
0, 0.0, 1, 0
0, 0.0, 1, 0
0, 0.0, 1, 0
0, 0.0, 1, 0
0, 0.0, 1, 0
0, 0.0, 0, 0
0, 0.0, 0, 0
0, 0.0, 0, 0
0, 0.0, 0, 1
0, 1.1102230246251565E-16, 0, 1
0, 0.0, 0, 1
0, 0.0, 0, 1
0, 0.0, 0, 1
0, 0.0, 0, 1
0, 0.0, 0, 1
0, 0.0, 0, 1
0, 0.0, 0, 1
0, 0.0, 0, 1
0, 0.0, 0, 1
0, 0.0, 0, 1
0, 0.0, 0, 1
0, 0.0, 0, 1
0, 0.0, 0, 1
0, 3.3306690738754696E-16, 0, 0
0, -2.220446049250313E-16, 0, 0
0, 0.0, 0, 0
0, 0.0, 0, 0
0, 0.0, 0, 0
0, 0.0, 0, 0
0, 0.0, 0, 0
0, 0.0, 0, 0
0, 0.0, 0, 0
0, 0.040404040404040664, 0, 0
0, 0.0, 0, 0
0, 0.0, 0, 0
0, 0.0, 0, 0
0, 0.0, 0, 0
0, 0.0, 0, 0
0, 0.0, 0, 0
0, 0.0, 0, 0
0, 0.0, 0, 0
0, 0.0, 0, 0
0, 0.0, 0, 0
0, 0.0, 0, 0
0, 1.1102230246251565E-16, 0, 0
0, 0.0, 0, 0
0, 0.0, 0, 0
0, 0.0, 0, 0
0, 0.0, 0, 0
0, 0.0, 0, 0
0, 0.0, 0, 0
0, 0.0, 0, 0
0, 0.0, 0, 0
0, 0.0, 0, 0
0, 2.220446049250313E-16, 0, 0
0, 0.0, 0, 0
0, 0.0, 0, 1
0, 0.0, 0, 1
0, 0.0, 0, 1
0, 0.0, 0, 1
0, 0.0, 0, 0
0, 0.0, 0, 0
0, 0.0, 0, 0
0, 0.0, 0, 0
0, 0.0, 0, 0
1, -4.440892098500626E-16, 1, 1
1, -4.440892098500626E-16, 1, 1
0, 0.0, 0, 0
0, 0.0, 0, 0
0, 0.0, 0, 0
0, 0.0, 0, 0
0, 0.0, 0, 0
0, 0.0, 0, 0
0, 0.0, 0, 0
0, 0.0, 0, 0
0, -2.220446049250313E-16, 0, 0
0, 2.220446049250313E-16, 0, 0
0, 0.0, 0, 0
0, 0.0, 0, 0
0, 1.1102230246251565E-16, 0, 0
0, 0.0, 0, 0
0, 0.0, 0, 0
0, 0.0, 0, 0
0, 0.0, 0, 0
0, 0.0, 0, 0
0, 0.0, 0, 0
0, 0.0, 0, 0
0, 0.0, 0, 0
0, 0.0, 0, 0
0, 0.0, 0, 0
0, 0.0, 0, 0
0, 0.0, 0, 0
0, 0.0, 0, 0
0, 0.02325581395348797, 1, 0
0, 0.11666666666666692, 1, 0
0, 0.09090909090909072, 1, 0
0, 0.0, 1, 0
0, 0.0, 1, 0
0, 0.0, 1, 0
0, 0.0, 0, 1
0, 0.0, 0, 1
0, 0.0, 0, 1
0, 0.03846153846153855, 0, 0
0, 0.0, 0, 0
0, 0.05882352941176461, 0, 0
0, 0.0, 0, 0
0, 0.0, 0, 0
0, 0.0, 0, 0
0, 0.0, 0, 0
0, 0.0, 0, 0
0, 0.0, 0, 0
0, 0.0, 0, 0
0, 0.0, 0, 0
0, 0.0, 0, 0
0, 0.0, 0, 0
0, 0.0, 0, 0
0, 0.0, 0, 0
0, 1.1102230246251565E-16, 0, 0
0, 0.0, 0, 0
0, 0.0, 0, 0
0, 1.1102230246251565E-16, 0, 0
0, 0.0, 0, 0
0, 1.1102230246251565E-16, 0, 0
0, 0.0, 0, 0
0, 1.1102230246251565E-16, 0, 0
0, 0.0, 0, 0
0, 0.0, 0, 1
0, 0.0, 0, 1
0, 0.0, 0, 1
0, 1.1102230246251565E-16, 0, 1
0, 0.0, 0, 0
0, 0.0, 0, 0
0, 0.0, 0, 0
0, 0.0, 0, 0
0, 0.0, 0, 0
1, 0.22113821138211354, 1, 1
1, 0.5118518518518522, 1, 1
0, 0.0, 0, 0
0, 0.0, 0, 0
0, 0.0, 0, 0
0, 0.0, 0, 0
0, 0.0, 0, 0
0, 0.0, 0, 0
0, 0.0, 0, 0
0, 0.0, 0, 0
0, 0.0, 0, 0
0, 2.220446049250313E-16, 0, 0
0, 0.039215686274509665, 0, 0
0, 0.0, 0, 0
0, 0.09090909090909083, 0, 0
0, 0.0, 0, 0
0, 0.0, 0, 0
0, 0.0, 0, 0
0, 0.33333333333333326, 0, 0
0, 0.0, 0, 0
0, 0.0, 0, 0
0, 0.0, 0, 0
0, 0.0, 0, 0
0, 0.0, 0, 0
0, 0.0, 0, 0
0, 0.5833333333333334, 0, 0
0, 0.0, 0, 0
0, 0.11111111111111116, 0, 0
0, 0.5008335635995209, 1, 0
0, 0.2502283105022828, 1, 0
0, 0.389671814671815, 1, 0
0, 0.0, 1, 0
0, 0.0, 1, 0
0, 0.0, 1, 0
0, 0.0, 0, 1
0, 0.0, 0, 1
0, 0.0, 0, 1
0, 0.18461538461538485, 0, 0
0, 1.1102230246251565E-16, 0, 0
0, 0.0, 0, 0
0, 0.0, 0, 0
0, 0.0, 0, 0
0, 0.0, 0, 0
0, 0.0, 0, 0
0, 0.0, 0, 0
0, 0.0, 0, 0
0, 0.0, 0, 0
0, 0.0, 0, 0
0, 0.0, 0, 0
0, 0.0, 0, 0
0, 0.0, 0, 0
0, 0.0, 0, 0
0, 0.0, 0, 0
0, 0.0, 0, 0
0, 0.0, 0, 0
0, 0.0, 0, 0
0, 0.0, 0, 0
0, 0.0, 0, 0
0, 0.0, 0, 0
0, 1.1102230246251565E-16, 0, 0
0, 0.0, 0, 0
0, 0.0, 0, 1
0, 0.0, 0, 1
0, 1.1102230246251565E-16, 0, 1
0, 0.0, 0, 1
0, 0.0, 0, 0
0, 0.0, 0, 0
0, 0.0, 0, 0
0, 0.0, 0, 0
0, 0.125, 0, 0
1, 0.4252032520325201, 1, 1
1, 0.5525085034013607, 1, 1
0, 0.0, 0, 0
0, 0.0, 0, 0
0, 0.0, 0, 0
0, 0.0, 0, 0
0, 0.0, 0, 0
0, 0.0, 0, 0
0, 0.0, 0, 0
0, 0.0, 0, 0
0, 0.14814814814814814, 0, 0
0, 0.0, 0, 0
0, 1.1102230246251565E-16, 0, 0
0, 0.0, 0, 0
0, 1.1102230246251565E-16, 0, 0
0, 0.0, 0, 0
0, 0.0, 0, 0
0, 0.5, 0, 0
0, 0.0, 0, 0
0, 0.0, 0, 0
0, 0.0, 0, 0
0, 0.0, 0, 0
0, 0.0, 0, 0
0, 0.0, 0, 0
0, 0.0, 0, 0
0, 0.625, 0, 0
0, 0.0, 0, 0
0, 0.0, 0, 0
0, 0.5475567484518893, 1, 0
0, 0.42886178861788604, 1, 0
0, 0.5431147606971782, 1, 0
0, 0.0, 1, 0
0, 0.0, 1, 0
0, 0.0, 1, 0
0, 0.0, 0, 1
0, 0.33333333333333337, 0, 1
0, 0.0, 0, 1
0, 1.1102230246251565E-16, 0, 0
0, 2.220446049250313E-16, 0, 0
0, 1.1102230246251565E-16, 0, 0
0, 0.0, 0, 1
0, 0.0, 0, 1
0, 0.0, 0, 1
0, 0.0, 0, 1
0, 0.0, 0, 1
0, 0.0, 0, 1
0, 0.0, 0, 1
0, 0.0, 0, 1
0, 0.0, 0, 1
0, 0.0, 0, 1
0, 0.0, 0, 1
0, 0.0, 0, 1
0, 0.0, 0, 1
0, 0.0, 0, 1
0, 0.0, 0, 1
0, 0.0, 0, 1
0, 0.0, 0, 1
0, 0.0, 0, 1
0, 0.0, 0, 0
0, 2.220446049250313E-16, 0, 0
0, 0.0, 0, 0
0, 0.0, 0, 0
0, 0.0, 0, 0
0, 0.0, 0, 0
0, 0.0, 0, 0
0, 0.0, 0, 0
0, 0.0, 0, 0
0, 0.0, 0, 0
0, 0.0, 1, 0
0, 0.0, 1, 0
0, 1.1102230246251565E-16, 0, 0
0, 0.0, 0, 0
0, 0.0, 0, 0
1, 0.0, 1, 1
1, 0.0, 1, 1
1, 0.0, 1, 1
1, 0.0, 1, 1
1, 0.0, 1, 1
1, 0.0, 1, 1
1, 0.0, 1, 1
0, 0.0, 0, 0
0, 0.0, 0, 0
0, 0.0, 0, 0
0, 0.0, 0, 0
0, 0.0, 0, 0
0, 0.0, 0, 0
0, 0.0, 0, 0
0, 0.0, 0, 0
0, 0.0, 0, 0
0, 0.0, 0, 0
0, 0.0, 0, 0
0, 0.0, 0, 0
0, 0.0, 0, 0
0, 0.0, 0, 0
0, 0.0, 0, 0
0, 0.0, 0, 0
0, 0.0, 0, 0
0, 0.0, 0, 0
0, 2.220446049250313E-16, 0, 0
0, 0.0, 0, 0
0, 0.0, 0, 0
0, 0.0, 0, 0
0, 0.0, 0, 0
0, 0.0, 0, 0
0, 0.0, 0, 0
0, 0.0, 0, 0
0, 0.0, 0, 0
0, 0.0, 0, 0
0, 1.1102230246251565E-16, 0, 0
0, 0.0, 0, 0
0, 0.0, 0, 1
0, 0.0, 0, 1
0, 0.0, 0, 1
0, 0.0, 0, 1
0, 0.0, 0, 1
0, 0.0, 0, 1
0, 0.0, 0, 1
0, 0.0, 0, 1
0, 0.0, 0, 1
0, 0.0, 0, 1
0, 0.0, 0, 1
0, 0.0, 0, 1
0, 0.0, 0, 1
0, 0.0, 0, 1
0, 0.0, 0, 1
0, 0.0, 0, 1
0, 0.0, 0, 1
0, 0.0, 0, 1
0, 0.0, 0, 0
0, 0.0, 0, 0
0, 0.0, 0, 0
0, 0.0, 0, 0
0, 0.0, 0, 0
0, 0.0, 0, 0
0, 0.0, 0, 0
0, 0.0, 0, 0
0, 0.0, 0, 0
0, 0.0, 0, 0
0, 0.0, 1, 0
0, 0.0, 1, 0
0, 0.0, 0, 0
0, 0.0, 0, 0
0, 2.220446049250313E-16, 0, 0
1, 0.0, 1, 1
1, 0.0, 1, 1
1, 0.0, 1, 1
1, 0.0, 1, 1
1, 0.0, 1, 1
1, 0.0, 1, 1
1, 0.0, 1, 1
0, 0.0, 0, 0
0, 0.0, 0, 0
0, 0.0, 0, 0
0, 0.0, 0, 0
0, 0.0, 0, 0
0, 0.0, 0, 0
0, 0.0, 0, 0
0, 0.0, 0, 0
0, 0.0, 0, 0
0, 0.0, 0, 0
0, 0.0, 0, 0
0, 0.0, 0, 0
0, 0.0, 0, 0
0, 0.0, 0, 0
0, 0.0, 0, 0
0, 0.0, 0, 0
0, 0.0, 0, 0
0, 0.0, 0, 0
0, 0.0, 0, 0
0, 0.0, 0, 0
0, 0.0, 0, 0
0, 0.0, 0, 0
0, 0.0, 0, 0
0, 0.0, 0, 0
0, 0.0, 0, 0
0, 0.0, 0, 0
0, 0.0, 0, 0
0, 4.440892098500626E-16, 0, 0
0, 0.0, 0, 0
0, 2.220446049250313E-16, 0, 0
0, 0.0, 0, 1
0, 0.0, 0, 1
0, 0.0, 0, 1
0, 0.0, 0, 1
0, 0.0, 0, 1
0, 0.0, 0, 1
0, 0.0, 0, 1
0, 0.0, 0, 1
0, 0.0, 0, 1
0, 0.0, 0, 1
0, 0.0, 0, 1
0, 0.0, 0, 1
0, 0.0, 0, 1
0, 0.0, 0, 1
0, 0.0, 0, 1
0, 0.0, 0, 1
0, 0.0, 0, 1
0, 0.0, 0, 1
0, 0.0, 0, 0
0, 0.0, 0, 0
0, 1.1102230246251565E-16, 0, 0
0, 0.0, 0, 0
0, 0.0, 0, 0
0, 0.0, 0, 0
0, 1.1102230246251565E-16, 0, 0
0, 0.0, 0, 0
0, 0.0, 0, 0
0, 0.0, 0, 0
0, 0.0, 1, 0
0, 0.0, 1, 0
0, -2.220446049250313E-16, 0, 0
0, 0.0, 0, 0
0, 0.0, 0, 0
1, 0.0, 1, 1
1, 0.0, 1, 1
1, 0.0, 1, 1
1, 0.0, 1, 1
1, 0.0, 1, 1
1, 0.0, 1, 1
1, 0.0, 1, 1
0, 0.0, 0, 0
0, 0.0, 0, 0
0, 1.1102230246251565E-16, 0, 0
0, 0.0, 0, 0
0, 0.0, 0, 0
0, 0.0, 0, 0
0, 0.0, 0, 0
0, 0.0, 0, 0
0, 0.0, 0, 0
0, 0.0, 0, 0
0, 0.0, 0, 0
0, 0.0, 0, 0
0, 0.0, 0, 0
0, 0.0, 0, 0
0, 0.0, 0, 0
0, 0.0, 0, 0
0, 0.0, 0, 0
0, 0.0, 0, 0
0, 3.3306690738754696E-16, 0, 0
0, 3.3306690738754696E-16, 0, 0
0, 2.220446049250313E-16, 0, 0
0, 0.0, 0, 0
0, 0.0, 0, 0
0, 0.0, 0, 0
0, 0.0, 0, 0
0, 0.0, 0, 0
0, 0.0, 0, 0
0, 0.0, 0, 0
0, -2.220446049250313E-16, 0, 0
0, 1.1102230246251565E-16, 0, 0
0, 0.0, 0, 1
0, 0.0, 0, 1
0, 0.0, 0, 1
0, 0.0, 0, 1
0, 0.0, 0, 1
0, 0.0, 0, 1
0, 0.0, 0, 1
0, 0.0, 0, 1
0, 0.0, 0, 1
0, 0.0, 0, 1
0, 0.0, 0, 1
0, 0.0, 0, 1
0, 0.0, 0, 1
0, 0.0, 0, 1
0, 0.0, 0, 1
0, 0.0, 0, 1
0, 0.0, 0, 1
0, 0.0, 0, 1
0, 0.0, 0, 0
0, -2.220446049250313E-16, 0, 0
0, 0.0, 0, 0
0, 0.0, 0, 0
0, 0.0, 0, 0
0, 0.0, 0, 0
0, 0.0, 0, 0
0, 0.0, 0, 0
0, 0.0, 0, 0
0, 0.0, 0, 0
0, 0.0, 1, 0
0, 0.0, 1, 0
0, 0.0, 0, 0
0, 0.0, 0, 0
0, -2.220446049250313E-16, 0, 0
1, 0.0, 1, 1
1, 0.0, 1, 1
1, 0.0, 1, 1
1, 0.0, 1, 1
1, 0.0, 1, 1
1, 0.0, 1, 1
1, 0.0, 1, 1
0, 0.0, 0, 0
0, 0.0, 0, 0
0, 0.0, 0, 0
0, 0.0, 0, 0
0, 0.0, 0, 0
0, 0.0, 0, 0
0, 0.0, 0, 0
0, 0.0, 0, 0
0, 0.0, 0, 0
0, 0.0, 0, 0
0, 0.0, 0, 0
0, 0.0, 0, 0
0, 0.0, 0, 0
0, 0.0, 0, 0
0, 0.0, 0, 0
0, 0.0, 0, 0
0, 0.0, 0, 0
0, 0.0, 0, 0
0, 1.1102230246251565E-16, 0, 0
0, 0.0, 0, 0
0, 0.0, 0, 0
0, 0.0, 0, 0
0, 0.0, 0, 0
0, 0.0, 0, 0
0, 0.0, 0, 0
0, 0.0, 0, 0
0, 0.0, 0, 0
0, 0.0, 0, 0
0, 0.0, 0, 0
0, 1.1102230246251565E-16, 0, 0
0, 0.0, 0, 1
0, 0.0, 0, 1
0, 0.0, 0, 1
0, 0.0, 0, 1
0, 0.0, 0, 1
0, 0.0, 0, 1
0, 0.0, 0, 1
0, 0.0, 0, 1
0, 0.0, 0, 1
0, 0.0, 0, 1
0, 0.0, 0, 1
0, 0.0, 0, 1
0, 0.0, 0, 1
0, 0.0, 0, 1
0, 0.0, 0, 1
0, 0.0, 0, 1
0, 0.0, 0, 1
0, 0.0, 0, 1
0, 0.0, 0, 0
0, 1.1102230246251565E-16, 0, 0
0, 0.0, 0, 0
0, 0.0, 0, 0
0, 0.0, 0, 0
0, 0.0, 0, 0
0, 0.0, 0, 0
0, 0.0, 0, 0
0, 0.0, 0, 0
0, 0.0, 0, 0
0, 0.0, 1, 0
0, 0.0, 1, 0
0, 0.0, 0, 0
0, 0.0, 0, 0
0, 0.0, 0, 0
1, 0.0, 1, 1
1, 0.0, 1, 1
1, 0.0, 1, 1
1, 0.0, 1, 1
1, 0.0, 1, 1
1, 0.0, 1, 1
1, 0.0, 1, 1
0, 0.0, 0, 0
0, 0.0, 0, 0
0, 0.0, 0, 0
0, 0.0, 0, 0
0, 0.0, 0, 0
0, 0.0, 0, 0
0, 0.0, 0, 0
0, 0.0, 0, 0
0, 0.0, 0, 0
0, 0.0, 0, 0
0, 0.0, 0, 0
0, 0.0, 0, 0
0, 0.0, 0, 0
0, 0.0, 0, 0
0, 0.0, 0, 0
0, 0.0, 0, 0
0, 0.0, 0, 0
0, 0.0, 0, 0
0, 2.220446049250313E-16, 0, 0
0, 0.0, 0, 0
0, 0.0, 0, 0
0, 0.0, 0, 0
0, 0.0, 0, 0
0, 0.0, 0, 0
0, 0.0, 0, 0
0, 0.0, 0, 0
0, 0.0, 0, 0
0, 0.0, 0, 0
0, 0.0, 0, 0
0, 1.1102230246251565E-16, 0, 0
0, 0.0, 0, 1
0, 0.0, 0, 1
0, 0.0, 0, 1
0, 0.0, 0, 1
0, 0.0, 0, 1
0, 0.0, 0, 1
0, 0.0, 0, 1
0, 0.0, 0, 1
0, 0.0, 0, 1
0, 0.0, 0, 1
0, 0.0, 0, 1
0, 0.0, 0, 1
0, 0.0, 0, 1
0, 0.0, 0, 1
0, 0.0, 0, 1
0, 0.0, 0, 1
0, 0.0, 0, 1
0, 0.0, 0, 1
0, 0.0, 0, 0
0, 1.1102230246251565E-16, 0, 0
0, 0.0, 0, 0
0, 0.0, 0, 0
0, 0.0, 0, 0
0, 0.0, 0, 0
0, 0.0, 0, 0
0, 0.0, 0, 0
0, 0.0, 0, 0
0, 0.0, 0, 0
0, 0.0, 1, 0
0, 1.1102230246251565E-16, 1, 0
0, 0.0, 0, 0
0, 0.0, 0, 0
0, -2.220446049250313E-16, 0, 0
1, 0.0, 1, 1
1, 0.0, 1, 1
1, 0.0, 1, 1
1, 0.0, 1, 1
1, 0.0, 1, 1
1, 0.0, 1, 1
1, 0.0, 1, 1
0, 0.0, 0, 0
0, 0.0, 0, 0
0, 0.0, 0, 0
0, 0.0, 0, 0
0, 0.0, 0, 0
0, 0.0, 0, 0
0, 0.0, 0, 0
0, 0.0, 0, 0
0, 0.0, 0, 0
0, 0.0, 0, 0
0, 0.0, 0, 0
0, 0.0, 0, 0
0, 0.0, 0, 0
0, 0.0, 0, 0
0, 0.0, 0, 0
0, 0.0, 0, 0
0, 0.0, 0, 0
0, 0.0, 0, 0
0, -2.220446049250313E-16, 0, 0
0, 0.0, 0, 0
0, 0.0, 0, 0
0, 0.0, 0, 0
0, 0.0, 0, 0
0, 0.0, 0, 0
0, 0.0, 0, 0
0, 0.0, 0, 0
0, 0.0, 0, 0
0, 1.1102230246251565E-16, 0, 0
0, 0.0, 0, 0
0, -2.220446049250313E-16, 0, 0
0, 0.0, 0, 1
0, 0.0, 0, 1
0, 0.0, 0, 1
0, 0.0, 0, 1
0, 0.0, 0, 1
0, 0.0, 0, 1
0, 0.0, 0, 1
0, 0.0, 0, 1
0, 0.0, 0, 1
0, 0.0, 0, 1
0, 0.0, 0, 1
0, 0.0, 0, 1
0, 0.0, 0, 1
0, 0.0, 0, 1
0, 0.0, 0, 1
0, 0.0, 0, 1
0, 0.0, 0, 1
0, 0.0, 0, 1
0, 0.0, 0, 0
0, 1.1102230246251565E-16, 0, 0
0, 0.0, 0, 0
0, 0.0, 0, 0
0, 0.0, 0, 0
0, 0.0, 0, 0
0, 0.0, 0, 0
0, 0.0, 0, 0
0, 0.0, 0, 0
0, 0.0, 0, 0
0, 0.0, 1, 0
0, 0.0, 1, 0
0, 1.1102230246251565E-16, 0, 0
0, 0.0, 0, 0
0, 2.220446049250313E-16, 0, 0
1, 0.0, 1, 1
1, 0.0, 1, 1
1, 0.0, 1, 1
1, 0.0, 1, 1
1, 0.0, 1, 1
1, 0.0, 1, 1
1, 0.0, 1, 1
0, 0.0, 0, 0
0, 1.1102230246251565E-16, 0, 0
0, 0.0, 0, 0
0, 0.0, 0, 0
0, 0.0, 0, 0
0, 0.0, 0, 0
0, 0.0, 0, 0
0, 0.0, 0, 0
0, 0.0, 0, 0
0, 0.0, 0, 0
0, 0.0, 0, 0
0, 0.0, 0, 0
0, 0.0, 0, 0
0, 0.0, 0, 0
0, 0.0, 0, 0
0, 0.0, 0, 0
0, 0.0, 0, 0
0, 0.0, 0, 0
0, 1.1102230246251565E-16, 0, 0
0, 0.0, 0, 0
0, 0.0, 0, 0
0, 0.0, 0, 0
0, 0.0, 0, 0
0, 0.0, 0, 0
0, 0.0, 0, 0
0, 0.0, 0, 0
0, 0.0, 0, 0
0, 0.0, 0, 0
0, 0.0, 0, 0
0, 0.0, 0, 0
0, 0.0, 0, 1
0, 0.0, 0, 1
0, 0.0, 0, 1
0, 0.0, 0, 1
0, 0.0, 0, 1
0, 0.0, 0, 1
0, 0.0, 0, 1
0, 0.0, 0, 1
0, 0.0, 0, 1
0, 0.0, 0, 1
0, 0.0, 0, 1
0, 0.0, 0, 1
0, 0.0, 0, 1
0, 0.0, 0, 1
0, 0.0, 0, 1
0, 0.0, 0, 1
0, 0.0, 0, 1
0, 0.0, 0, 1
0, 0.0, 0, 0
0, 0.0, 0, 0
0, 0.0, 0, 0
0, 0.0, 0, 0
0, 0.0, 0, 0
0, 0.0, 0, 0
0, 0.0, 0, 0
0, 0.0, 0, 0
0, 0.0, 0, 0
0, 0.0, 0, 0
0, 0.0, 1, 0
0, 0.0, 1, 0
0, 0.0, 0, 0
0, 0.0, 0, 0
0, 2.220446049250313E-16, 0, 0
1, 0.0, 1, 1
1, 0.0, 1, 1
1, 0.0, 1, 1
1, 0.0, 1, 1
1, 0.0, 1, 1
1, 0.0, 1, 1
1, 0.0, 1, 1
0, 0.0, 0, 0
0, 0.0, 0, 0
0, 0.0, 0, 0
0, 0.0, 0, 0
0, 0.0, 0, 0
0, 0.0, 0, 0
0, 0.0, 0, 0
0, 0.0, 0, 0
0, 0.0, 0, 0
0, 0.0, 0, 0
0, 0.0, 0, 0
0, 0.0, 0, 0
0, 0.0, 0, 0
0, 0.0, 0, 0
0, 0.0, 0, 0
0, 0.0, 0, 0
0, 0.0, 0, 0
0, 0.0, 0, 0
0, 1.1102230246251565E-16, 0, 0
0, 0.0, 0, 0
0, 0.0, 0, 0
0, 0.0, 0, 0
0, 0.0, 0, 0
0, 0.0, 0, 0
0, 0.0, 0, 0
0, 0.0, 0, 0
0, 0.0, 0, 0
0, 1.1102230246251565E-16, 1, 0
0, 2.220446049250313E-16, 1, 0
0, 1.1102230246251565E-16, 1, 0
0, 0.0, 1, 0
0, 0.0, 1, 0
0, 0.0, 1, 0
0, 0.0, 1, 0
0, 0.0, 1, 0
0, 0.0, 1, 0
0, 0.0, 1, 0
0, 0.0, 1, 0
0, 0.0, 1, 0
0, 0.0, 1, 0
0, 0.0, 1, 0
0, 0.0, 1, 0
0, 0.0, 1, 0
0, 0.0, 1, 0
0, 0.0, 1, 0
0, 0.0, 1, 0
0, 0.0, 1, 0
0, 0.0, 1, 0
0, 0.0, 0, 0
0, 0.0, 0, 0
0, 0.0, 0, 0
0, 0.0, 1, 0
0, 0.0, 1, 0
0, -2.220446049250313E-16, 1, 0
0, 0.0, 1, 0
0, 0.0, 0, 1
0, 0.0, 0, 1
0, 0.0, 0, 1
0, 0.0, 0, 0
0, 0.0, 0, 0
0, -2.220446049250313E-16, 0, 0
0, 1.1102230246251565E-16, 0, 0
0, 0.09259259259259278, 0, 0
0, 0.0, 0, 0
0, 0.0, 0, 0
0, 0.0, 0, 0
0, 0.0, 0, 0
0, 0.0, 0, 0
0, 0.0, 0, 0
0, 0.0, 0, 0
0, 0.0, 0, 0
1, 0.11111111111111094, 1, 1
1, 2.220446049250313E-16, 1, 1
0, 0.0, 1, 0
0, 0.0, 1, 0
0, 0.0, 1, 0
0, 0.0, 1, 0
0, 0.0, 1, 0
0, 0.0, 1, 0
0, 0.0, 1, 0
0, 0.0, 1, 0
0, 0.0, 1, 0
0, 0.0, 1, 0
0, 0.0, 1, 0
0, 0.0, 1, 0
0, 0.0, 1, 0
0, 0.0, 1, 0
0, 0.0, 1, 0
0, -2.220446049250313E-16, 0, 0
0, 4.440892098500626E-16, 0, 0
0, 0.037037037037037424, 0, 0
0, 0.0, 0, 1
0, 0.0, 0, 1
0, 0.0, 0, 1
0, 0.0, 0, 0
0, 0.0, 0, 0
0, 0.0, 0, 0
0, 0.045454545454545636, 1, 0
0, 0.0, 1, 0
0, 1.1102230246251565E-16, 1, 0
0, 0.0, 1, 0
0, 0.0, 1, 0
0, 0.0, 1, 0
0, 0.0, 1, 0
0, 0.0, 1, 0
0, 0.0, 1, 0
0, 0.0, 1, 0
0, 0.0, 1, 0
0, 0.0, 1, 0
0, 0.0, 1, 0
0, 0.0, 1, 0
0, 0.0, 1, 0
0, 0.0, 1, 0
0, 0.0, 1, 0
0, 0.0, 1, 0
0, 0.0, 1, 0
0, 0.0, 1, 0
0, 0.0, 1, 0
0, 0.0, 0, 0
0, 0.0, 0, 0
0, 0.0, 0, 0
0, 0.0, 1, 0
0, 0.0, 1, 0
0, 2.220446049250313E-16, 1, 0
0, 0.0, 1, 0
0, 0.0, 0, 1
0, 0.0, 0, 1
0, 0.0, 0, 1
0, 0.0, 0, 0
0, 0.0, 0, 0
0, 2.220446049250313E-16, 0, 0
0, 0.052631578947368585, 0, 0
0, 0.0, 0, 0
0, 0.0, 0, 0
0, 0.0, 0, 0
0, 0.0, 0, 0
0, 0.0, 0, 0
0, 0.0, 0, 0
0, 0.0, 0, 0
0, 0.0, 0, 0
0, 0.0, 0, 0
1, 2.220446049250313E-16, 1, 1
1, 0.05555555555555547, 1, 1
0, 0.0, 1, 0
0, 0.0, 1, 0
0, 1.1102230246251565E-16, 1, 0
0, 0.5, 1, 0
0, 0.0, 1, 0
0, 0.0, 1, 0
0, 0.0, 1, 0
0, 0.0, 1, 0
0, 0.0, 1, 0
0, 0.5, 1, 0
0, 0.0, 1, 0
0, 0.0, 1, 0
0, 0.0, 1, 0
0, 0.0, 1, 0
0, 0.0, 1, 0
0, 0.0204081632653057, 0, 0
0, -2.220446049250313E-16, 0, 0
0, 0.030303030303030498, 0, 0
0, 0.0, 0, 1
0, 0.0, 0, 1
0, 0.0, 0, 1
0, 0.0, 0, 0
0, 0.0, 0, 0
0, 0.0, 0, 0
0, 0.12698412698412676, 1, 0
0, 0.08333333333333326, 1, 0
0, 0.08888888888888902, 1, 0
0, 0.0, 1, 0
0, 0.0, 1, 0
0, 0.0, 1, 0
0, 0.0, 1, 0
0, 0.0, 1, 0
0, 0.0, 1, 0
0, 0.0, 1, 0
0, 0.0, 1, 0
0, 0.0, 1, 0
0, 0.25, 1, 0
0, 0.0, 1, 0
0, 0.0, 1, 0
0, 0.0, 1, 0
0, 0.0, 1, 0
0, 0.0, 1, 0
0, 0.33333333333333337, 1, 0
0, 0.0, 1, 0
0, 0.0, 1, 0
0, 0.0, 0, 0
0, 0.5, 0, 0
0, 0.0, 0, 0
0, 0.0, 1, 0
0, 0.0, 1, 0
0, 0.0, 1, 0
0, 0.11111111111111094, 1, 0
0, 0.0, 0, 1
0, 0.0, 0, 1
0, 0.25, 0, 1
0, 0.0, 0, 0
0, 0.0, 0, 0
0, 0.0, 0, 0
0, 0.11538461538461542, 0, 0
0, 0.15625, 0, 0
0, 0.0, 0, 0
0, 0.0, 0, 0
0, 0.0, 0, 0
0, 0.0, 0, 0
0, 0.0, 0, 0
0, 0.0, 0, 0
0, 0.0, 0, 0
0, 0.0, 0, 0
1, -2.220446049250313E-16, 1, 1
1, 0.17948717948717952, 1, 1
0, 0.0, 1, 0
0, 0.125, 1, 0
0, 0.0, 1, 0
0, 0.0, 1, 0
0, 0.0, 1, 0
0, 0.0, 1, 0
0, 0.0, 1, 0
0, 0.0, 1, 0
0, 0.0, 1, 0
0, 0.33333333333333337, 1, 0
0, 0.0, 1, 0
0, 0.0, 1, 0
0, 0.0, 1, 0
0, 0.0, 1, 0
0, 0.0, 1, 0
0, 0.05769230769230804, 0, 0
0, 0.03333333333333344, 0, 0
0, -4.440892098500626E-16, 0, 0
0, 0.0, 0, 1
0, 0.0, 0, 1
0, 0.0, 0, 1
0, 0.0, 0, 0
0, 0.0, 0, 0
0, 0.0, 0, 0
0, 1.1102230246251565E-16, 1, 0
0, 1.1102230246251565E-16, 1, 0
0, -2.220446049250313E-16, 1, 0
0, 0.0, 1, 0
0, 0.0, 1, 0
0, 0.0, 1, 0
0, 0.0, 1, 0
0, 0.0, 1, 0
0, 0.0, 1, 0
0, 0.0, 1, 0
0, 0.0, 1, 0
0, 0.0, 1, 0
0, 0.0, 1, 0
0, 0.0, 1, 0
0, 1.1102230246251565E-16, 1, 0
0, 0.0, 1, 0
0, 0.0, 1, 0
0, 0.0, 1, 0
0, 0.0, 1, 0
0, 0.0, 1, 0
0, 0.0, 1, 0
0, 0.0, 0, 0
0, -2.220446049250313E-16, 0, 0
0, 0.0, 0, 0
0, 0.0, 1, 0
0, 0.0, 1, 0
0, 2.220446049250313E-16, 1, 0
0, 2.220446049250313E-16, 1, 0
0, 0.0, 0, 0
0, 0.0, 0, 0
0, 0.0, 0, 0
0, 0.0, 0, 1
0, 0.0, 0, 1
0, -2.220446049250313E-16, 0, 0
0, -2.220446049250313E-16, 0, 0
0, 1.1102230246251565E-16, 0, 0
0, 0.0, 0, 0
0, 0.0, 0, 0
0, 0.0, 0, 0
0, 0.0, 0, 0
0, 0.0, 0, 0
0, 0.0, 0, 0
0, 0.0, 0, 0
0, 0.0, 0, 0
0, 2.220446049250313E-16, 1, 0
0, -2.220446049250313E-16, 1, 0
0, 0.0, 1, 0
1, 0.0, 1, 1
1, 0.0, 1, 1
1, 0.0, 1, 1
1, 0.0, 1, 1
1, 0.0, 1, 1
1, 0.0, 1, 1
1, 0.0, 1, 1
1, 0.0, 1, 1
1, 0.0, 1, 1
1, 0.0, 1, 1
1, 0.0, 1, 1
1, 0.0, 1, 1
1, 0.0, 1, 1
1, 0.0, 1, 1
0, -4.440892098500626E-16, 0, 0
0, 3.3306690738754696E-16, 0, 0
0, -2.220446049250313E-16, 0, 0
0, 0.0, 0, 0
0, 0.0, 0, 0
0, 0.0, 0, 0
0, 0.0, 0, 0
0, 0.0, 0, 0
0, 0.0, 0, 0
0, -4.440892098500626E-16, 1, 0
0, 3.3306690738754696E-16, 1, 0
0, 2.220446049250313E-16, 1, 0
0, 0.0, 1, 0
0, 0.0, 1, 0
0, 0.0, 1, 0
0, 0.0, 1, 0
0, 0.0, 1, 0
0, 0.0, 1, 0
0, 0.0, 1, 0
0, 0.0, 1, 0
0, 0.0, 1, 0
0, 0.0, 1, 0
0, 0.0, 1, 0
0, 0.0, 1, 0
0, 0.0, 1, 0
0, 0.0, 1, 0
0, 0.0, 1, 0
0, 0.0, 1, 0
0, 0.0, 1, 0
0, 0.0, 1, 0
0, 0.0, 0, 0
0, 0.0, 0, 0
0, 0.0, 0, 0
0, 0.0, 1, 0
0, 0.0, 1, 0
0, 0.0, 1, 0
0, 0.0, 1, 0
0, 0.0, 0, 0
0, 0.0, 0, 0
0, 0.0, 0, 0
0, 0.0, 0, 1
0, 0.0, 0, 1
0, -2.220446049250313E-16, 0, 0
0, 2.220446049250313E-16, 0, 0
0, -2.220446049250313E-16, 0, 0
0, 0.0, 0, 0
0, 0.0, 0, 0
0, 0.0, 0, 0
0, 0.0, 0, 0
0, 0.0, 0, 0
0, 0.0, 0, 0
0, 0.0, 0, 0
0, 0.0, 0, 0
0, 2.220446049250313E-16, 1, 0
0, 1.1102230246251565E-16, 1, 0
0, 2.220446049250313E-16, 1, 0
1, 0.0, 1, 1
1, 0.0, 1, 1
1, 0.0, 1, 1
1, 0.0, 1, 1
1, 0.0, 1, 1
1, 0.0, 1, 1
1, 0.0, 1, 1
1, 0.0, 1, 1
1, 0.0, 1, 1
1, 0.0, 1, 1
1, 0.0, 1, 1
1, 0.0, 1, 1
1, 0.0, 1, 1
1, 0.0, 1, 1
0, -2.220446049250313E-16, 0, 0
0, -2.220446049250313E-16, 0, 0
0, 4.440892098500626E-16, 0, 0
0, 0.0, 0, 0
0, 0.0, 0, 0
0, 0.0, 0, 0
0, 0.0, 0, 0
0, 0.0, 0, 0
0, 0.0, 0, 0
0, 2.220446049250313E-16, 1, 0
0, 0.0, 1, 0
0, 2.220446049250313E-16, 1, 0
0, 0.0, 1, 0
0, 0.0, 1, 0
0, 0.0, 1, 0
0, 0.0, 1, 0
0, 0.0, 1, 0
0, 0.0, 1, 0
0, 0.0, 1, 0
0, 0.0, 1, 0
0, 0.0, 1, 0
0, 0.0, 1, 0
0, 0.0, 1, 0
0, 0.0, 1, 0
0, 0.0, 1, 0
0, 0.0, 1, 0
0, 0.0, 1, 0
0, 0.0, 1, 0
0, 0.0, 1, 0
0, 0.0, 1, 0
0, 0.0, 0, 0
0, 1.1102230246251565E-16, 0, 0
0, 0.0, 0, 0
0, 0.0, 1, 0
0, 0.0, 1, 0
0, 0.0, 1, 0
0, 0.0, 1, 0
0, 0.0, 0, 0
0, 0.0, 0, 0
0, 0.0, 0, 0
0, 0.0, 0, 1
0, 0.0, 0, 1
0, 2.220446049250313E-16, 0, 0
0, -4.440892098500626E-16, 0, 0
0, 2.220446049250313E-16, 0, 0
0, 0.0, 0, 0
0, 0.0, 0, 0
0, 0.0, 0, 0
0, 0.0, 0, 0
0, 0.0, 0, 0
0, 0.0, 0, 0
0, 0.0, 0, 0
0, 0.0, 0, 0
0, 0.0, 1, 0
0, 1.1102230246251565E-16, 1, 0
0, 2.220446049250313E-16, 1, 0
1, 0.0, 1, 1
1, 0.0, 1, 1
1, 0.0, 1, 1
1, 0.0, 1, 1
1, 0.0, 1, 1
1, 0.0, 1, 1
1, 0.0, 1, 1
1, 0.0, 1, 1
1, 0.0, 1, 1
1, 0.0, 1, 1
1, 0.0, 1, 1
1, 0.0, 1, 1
1, 0.0, 1, 1
1, 0.0, 1, 1
0, 4.440892098500626E-16, 0, 0
0, 4.440892098500626E-16, 0, 0
0, 2.220446049250313E-16, 0, 0
0, 0.0, 0, 0
0, 0.0, 0, 0
0, 0.0, 0, 0
0, 0.0, 0, 0
0, 0.0, 0, 0
0, 0.0, 0, 0
0, 3.3306690738754696E-16, 1, 0
0, 1.1102230246251565E-16, 1, 0
0, 0.05882352941176461, 1, 0
0, 0.0, 1, 0
0, 0.0, 1, 0
0, 0.0, 1, 0
0, 0.0, 1, 0
0, 0.0, 1, 0
0, 0.0, 1, 0
0, 0.0, 1, 0
0, 0.0, 1, 0
0, 0.0, 1, 0
0, 0.0, 1, 0
0, 0.0, 1, 0
0, 0.0, 1, 0
0, 0.0, 1, 0
0, 0.0, 1, 0
0, 0.0, 1, 0
0, 0.0, 1, 0
0, 0.0, 1, 0
0, 0.0, 1, 0
0, 0.0, 0, 0
0, -2.220446049250313E-16, 0, 0
0, 0.0, 0, 0
0, 0.0, 1, 0
0, 0.0, 1, 0
0, 0.0, 1, 0
0, 0.0, 1, 0
0, 0.0, 0, 0
0, 0.0, 0, 0
0, 0.0, 0, 0
0, 0.0, 0, 1
0, 0.0, 0, 1
0, 0.0, 0, 0
0, -2.220446049250313E-16, 0, 0
0, 0.0499999999999996, 0, 0
0, 0.0, 0, 0
0, 0.0, 0, 0
0, 0.0, 0, 0
0, 0.0, 0, 0
0, 0.0, 0, 0
0, 0.0, 0, 0
0, 0.0, 0, 0
0, 0.0, 0, 0
0, 1.1102230246251565E-16, 1, 0
0, 2.220446049250313E-16, 1, 0
0, 0.0, 1, 0
1, 0.0, 1, 1
1, -2.220446049250313E-16, 1, 1
1, 0.0, 1, 1
1, 0.0, 1, 1
1, 0.0, 1, 1
1, 0.0, 1, 1
1, 0.0, 1, 1
1, 0.0, 1, 1
1, 0.0, 1, 1
1, 0.0, 1, 1
1, 0.0, 1, 1
1, 0.0, 1, 1
1, 0.0, 1, 1
1, 0.0, 1, 1
0, -4.440892098500626E-16, 0, 0
0, 3.3306690738754696E-16, 0, 0
0, 0.0, 0, 0
0, 0.0, 0, 0
0, 0.0, 0, 0
0, 0.0, 0, 0
0, 0.0, 0, 0
0, 0.0, 0, 0
0, 0.0, 0, 0
0, 2.220446049250313E-16, 1, 0
0, 0.0, 1, 0
0, -2.220446049250313E-16, 1, 0
0, 0.0, 1, 0
0, 0.0, 1, 0
0, 0.0, 1, 0
0, 0.0, 1, 0
0, 0.0, 1, 0
0, 0.0, 1, 0
0, 0.0, 1, 0
0, 0.0, 1, 0
0, 0.0, 1, 0
0, 0.0, 1, 0
0, 0.0, 1, 0
0, 0.0, 1, 0
0, 0.0, 1, 0
0, 0.0, 1, 0
0, 0.0, 1, 0
0, 0.0, 1, 0
0, 0.0, 1, 0
0, 0.0, 1, 0
0, 0.0, 0, 0
0, 0.0, 0, 0
0, 0.0, 0, 0
0, 0.0, 1, 0
0, 0.0, 1, 0
0, 1.1102230246251565E-16, 1, 0
0, -2.220446049250313E-16, 1, 0
0, 0.0, 0, 0
0, 0.0, 0, 0
0, 0.0, 0, 0
0, 0.0, 0, 1
0, 1.1102230246251565E-16, 0, 1
0, 2.220446049250313E-16, 0, 0
0, 4.440892098500626E-16, 0, 0
0, 0.06756756756756799, 0, 0
0, 0.0, 0, 0
0, 0.0, 0, 0
0, 0.0, 0, 0
0, 0.0, 0, 0
0, 0.0, 0, 0
0, 0.0, 0, 0
0, 0.0, 0, 0
0, 0.0, 0, 0
0, 0.0, 1, 0
0, -2.220446049250313E-16, 1, 0
0, 1.1102230246251565E-16, 1, 0
1, 0.0, 1, 1
1, -2.220446049250313E-16, 1, 1
1, 1.1102230246251565E-16, 1, 1
1, 0.0, 1, 1
1, 0.0, 1, 1
1, 0.0, 1, 1
1, 0.0, 1, 1
1, 0.0, 1, 1
1, 0.0, 1, 1
1, 0.0, 1, 1
1, 0.0, 1, 1
1, 0.0, 1, 1
1, 0.0, 1, 1
1, 0.0, 1, 1
0, -4.440892098500626E-16, 0, 0
0, 4.440892098500626E-16, 0, 0
0, 0.052631578947368585, 0, 0
0, 0.0, 0, 0
0, 0.0, 0, 0
0, 0.0, 0, 0
0, 0.0, 0, 0
0, 0.0, 0, 0
0, 0.0, 0, 0
0, 2.220446049250313E-16, 1, 0
0, 0.0, 1, 0
0, 0.0, 1, 0
0, 0.0, 1, 0
0, 0.0, 1, 0
0, 0.0, 1, 0
0, 0.0, 1, 0
0, 0.0, 1, 0
0, 0.0, 1, 0
0, 0.0, 1, 0
0, 0.0, 1, 0
0, 0.0, 1, 0
0, 0.0, 1, 0
0, 0.0, 1, 0
0, 0.0, 1, 0
0, 0.0, 1, 0
0, 0.0, 1, 0
0, 0.0, 1, 0
0, 0.0, 1, 0
0, 0.0, 1, 0
0, 0.0, 1, 0
0, 0.0, 0, 0
0, 2.220446049250313E-16, 0, 0
0, 0.0, 0, 0
0, 0.0, 1, 0
0, 0.0, 1, 0
0, 2.220446049250313E-16, 1, 0
0, 0.0, 1, 0
0, 0.0, 0, 0
0, 0.0, 0, 0
0, 0.0, 0, 0
0, 0.0, 0, 1
0, 0.0, 0, 1
0, 2.220446049250313E-16, 0, 0
0, 0.07407407407407463, 0, 0
0, 0.03225806451612934, 0, 0
0, 0.0, 0, 0
0, 0.0, 0, 0
0, 0.0, 0, 0
0, 0.0, 0, 0
0, 0.0, 0, 0
0, 0.0, 0, 0
0, 0.0, 0, 0
0, 0.0, 0, 0
0, 0.08333333333333337, 1, 0
0, -2.220446049250313E-16, 1, 0
0, 0.0, 1, 0
1, 0.0, 1, 1
1, 0.0, 1, 1
1, 0.0, 1, 1
1, 0.0, 1, 1
1, 0.0, 1, 1
1, 0.0, 1, 1
1, 0.0, 1, 1
1, 0.0, 1, 1
1, 0.0, 1, 1
1, 0.0, 1, 1
1, 0.0, 1, 1
1, 0.0, 1, 1
1, 0.0, 1, 1
1, 0.0, 1, 1
0, 0.026315789473684847, 0, 0
0, 0.0, 0, 0
0, 0.09523809523809512, 0, 0
0, 0.0, 0, 0
0, 0.0, 0, 0
0, 0.0, 0, 0
0, 0.0, 0, 0
0, 0.0, 0, 0
0, 0.0, 0, 0
0, 1.1102230246251565E-16, 1, 0
0, 0.0, 1, 0
0, -2.220446049250313E-16, 1, 0
0, 0.0, 1, 0
0, 0.0, 1, 0
0, 0.0, 1, 0
0, 0.0, 1, 0
0, 0.0, 1, 0
0, 0.0, 1, 0
0, 0.0, 1, 0
0, 0.0, 1, 0
0, 0.0, 1, 0
0, 0.0, 1, 0
0, 0.0, 1, 0
0, 0.0, 1, 0
0, 0.0, 1, 0
0, 0.0, 1, 0
0, 0.0, 1, 0
0, 0.0, 1, 0
0, 0.0, 1, 0
0, 0.0, 1, 0
0, 0.0, 0, 0
0, 0.0, 0, 0
0, 0.0, 0, 0
0, 0.0, 1, 0
0, 0.0, 1, 0
0, 2.220446049250313E-16, 1, 0
0, -2.220446049250313E-16, 1, 0
0, 0.0, 0, 0
0, 0.0, 0, 0
0, 0.0, 0, 0
0, 0.0, 0, 1
0, 0.0, 0, 1
0, 0.0, 0, 0
0, 3.3306690738754696E-16, 0, 0
0, 0.0, 0, 0
0, 0.0, 0, 0
0, 0.0, 0, 0
0, 0.0, 0, 0
0, 0.0, 0, 0
0, 0.0, 0, 0
0, 0.0, 0, 0
0, 0.0, 0, 0
0, 0.0, 0, 0
0, 0.0, 1, 0
0, 0.0, 1, 0
0, -2.220446049250313E-16, 1, 0
1, 0.0, 1, 1
1, 0.0, 1, 1
1, 2.220446049250313E-16, 1, 1
1, 0.0, 1, 1
1, 0.0, 1, 1
1, 0.0, 1, 1
1, 0.0, 1, 1
1, 0.0, 1, 1
1, 0.0, 1, 1
1, 0.0, 1, 1
1, 0.0, 1, 1
1, 0.0, 1, 1
1, 0.0, 1, 1
1, 0.0, 1, 1
0, -4.440892098500626E-16, 0, 0
0, 1.1102230246251565E-16, 0, 0
0, 1.1102230246251565E-16, 0, 0
0, 0.0, 0, 0
0, 0.0, 0, 0
0, 0.0, 0, 0
0, 0.0, 0, 0
0, 0.0, 0, 0
0, 0.0, 0, 0
0, 4.440892098500626E-16, 1, 0
0, 2.220446049250313E-16, 1, 0
0, 0.0, 1, 0
0, 0.0, 1, 0
0, 0.0, 1, 0
0, 0.0, 1, 0
0, 0.0, 1, 0
0, 0.0, 1, 0
0, 0.0, 1, 0
0, 0.0, 1, 0
0, 0.0, 1, 0
0, 0.0, 1, 0
0, 0.0, 1, 0
0, 0.0, 1, 0
0, 0.0, 1, 0
0, 0.0, 1, 0
0, 0.0, 1, 0
0, 0.0, 1, 0
0, 0.0, 1, 0
0, 0.0, 1, 0
0, 0.0, 1, 0
0, 0.0, 0, 0
0, 0.0, 0, 0
0, 0.0, 0, 0
0, 0.0, 1, 0
0, 0.0, 1, 0
0, 0.0, 1, 0
0, 2.220446049250313E-16, 1, 0
0, 0.0, 0, 0
0, 0.0, 0, 0
0, 0.0, 0, 0
0, 0.0, 0, 1
0, 0.0, 0, 1
0, 0.0, 0, 0
0, 2.220446049250313E-16, 0, 0
0, -2.220446049250313E-16, 0, 0
0, 0.0, 0, 0
0, 0.0, 0, 0
0, 0.0, 0, 0
0, 0.0, 0, 0
0, 0.0, 0, 0
0, 0.0, 0, 0
0, 0.0, 0, 0
0, 0.0, 0, 0
0, 0.0, 1, 0
0, 1.1102230246251565E-16, 1, 0
0, -2.220446049250313E-16, 1, 0
1, 0.0, 1, 1
1, 0.0, 1, 1
1, 0.0, 1, 1
1, 0.0, 1, 1
1, 0.0, 1, 1
1, 0.0, 1, 1
1, 0.0, 1, 1
1, 0.0, 1, 1
1, 0.0, 1, 1
1, 0.0, 1, 1
1, 0.0, 1, 1
1, 0.0, 1, 1
1, 0.0, 1, 1
1, 0.0, 1, 1
0, -2.220446049250313E-16, 0, 0
0, 0.0, 0, 0
0, 0.0, 0, 0
0, 0.0, 0, 0
0, 0.0, 0, 0
0, 0.0, 0, 0
0, 0.0, 0, 0
0, 0.0, 0, 0
0, 0.0, 0, 0
0, 4.440892098500626E-16, 1, 0
0, 0.0, 1, 0
0, 4.440892098500626E-16, 1, 0
0, 0.0, 1, 0
0, 0.0, 1, 0
0, 0.0, 1, 0
0, 0.0, 1, 0
0, 0.0, 1, 0
0, 0.0, 1, 0
0, 0.0, 1, 0
0, 0.0, 1, 0
0, 0.0, 1, 0
0, 0.0, 1, 0
0, 0.0, 1, 0
0, 0.0, 1, 0
0, 0.0, 1, 0
0, 0.0, 1, 0
0, 0.0, 1, 0
0, 0.0, 1, 0
0, 0.0, 1, 0
0, 0.0, 1, 0
0, 0.0, 0, 0
0, 1.1102230246251565E-16, 0, 0
0, 0.0, 0, 0
0, 0.0, 1, 0
0, 0.0, 1, 0
0, -2.220446049250313E-16, 1, 0
0, 1.1102230246251565E-16, 1, 0
0, 0.0, 0, 0
0, 0.0, 0, 0
0, 0.0, 0, 0
0, 0.0, 0, 1
0, 0.0, 0, 1
0, 1.1102230246251565E-16, 0, 0
0, 3.3306690738754696E-16, 0, 0
0, 0.023809523809523503, 0, 0
0, 0.0, 0, 0
0, 0.0, 0, 0
0, 0.0, 0, 0
0, 0.0, 0, 0
0, 0.0, 0, 0
0, 0.0, 0, 0
0, 0.0, 0, 0
0, 0.0, 0, 0
0, 2.220446049250313E-16, 1, 0
0, 2.220446049250313E-16, 1, 0
0, 4.440892098500626E-16, 1, 0
1, 0.0, 1, 1
1, 0.0, 1, 1
1, 0.0, 1, 1
1, 0.0, 1, 1
1, 0.0, 1, 1
1, 0.0, 1, 1
1, 0.0, 1, 1
1, 0.0, 1, 1
1, 0.0, 1, 1
1, 0.0, 1, 1
1, 0.0, 1, 1
1, 0.0, 1, 1
1, 0.0, 1, 1
1, 0.0, 1, 1
0, 5.551115123125783E-16, 0, 0
0, 3.3306690738754696E-16, 0, 0
0, 0.0, 0, 0
0, 0.0, 0, 0
0, 0.0, 0, 0
0, 0.0, 0, 0
0, 0.0, 0, 0
0, 0.0, 0, 0
0, 0.0, 0, 0
0, 4.440892098500626E-16, 1, 0
0, 0.0, 1, 0
0, 0.0, 1, 0
0, 0.0, 1, 0
0, 0.0, 1, 0
0, 0.0, 1, 0
0, 0.0, 1, 0
0, 0.0, 1, 0
0, 0.0, 1, 0
0, 0.0, 1, 0
0, 0.0, 1, 0
0, 0.0, 1, 0
0, 0.0, 1, 0
0, 0.0, 1, 0
0, 0.0, 1, 0
0, 0.0, 1, 0
0, 0.0, 1, 0
0, 0.0, 1, 0
0, 0.0, 1, 0
0, 0.0, 1, 0
0, 0.0, 1, 0
0, 0.0, 0, 0
0, 1.1102230246251565E-16, 0, 0
0, 0.0, 0, 0
0, 0.0, 1, 0
0, 0.0, 1, 0
0, 2.220446049250313E-16, 1, 0
0, 1.1102230246251565E-16, 1, 0
0, 0.0, 0, 0
0, 0.0, 0, 0
0, 0.0, 0, 0
0, 0.0, 0, 1
0, 0.0, 0, 1
0, 0.0, 0, 0
0, 0.0, 0, 0
0, 0.0, 0, 0
0, 0.0, 0, 0
0, 0.0, 0, 0
0, 0.0, 0, 0
0, 0.0, 0, 0
0, 0.0, 0, 0
0, 0.0, 0, 0
0, 0.0, 0, 0
0, 0.0, 0, 0
0, 1.1102230246251565E-16, 1, 0
0, 2.220446049250313E-16, 1, 0
0, 0.0, 1, 0
1, 0.0, 1, 1
1, 0.0, 1, 1
1, 1.1102230246251565E-16, 1, 1
1, 0.0, 1, 1
1, 0.0, 1, 1
1, 0.0, 1, 1
1, 0.0, 1, 1
1, 0.0, 1, 1
1, 0.0, 1, 1
1, 0.0, 1, 1
1, 0.0, 1, 1
1, 0.0, 1, 1
1, 0.0, 1, 1
1, 0.0, 1, 1
0, 4.440892098500626E-16, 0, 0
0, 3.3306690738754696E-16, 0, 0
0, 1.1102230246251565E-16, 0, 0
0, 0.0, 0, 0
0, 0.0, 0, 0
0, 0.0, 0, 0
0, 0.0, 0, 0
0, 0.0, 0, 0
0, 0.0, 0, 0
0, 4.440892098500626E-16, 1, 0
0, 0.0, 1, 0
0, 0.0, 1, 0
0, 0.0, 1, 0
0, 0.0, 1, 0
0, 0.0, 1, 0
0, 0.0, 1, 0
0, 0.0, 1, 0
0, 0.0, 1, 0
0, 0.0, 1, 0
0, 0.0, 1, 0
0, 0.0, 1, 0
0, 0.0, 1, 0
0, 0.0, 1, 0
0, 0.0, 1, 0
0, 0.0, 1, 0
0, 0.0, 1, 0
0, 0.0, 1, 0
0, 0.0, 1, 0
0, 0.0, 1, 0
0, 0.0, 1, 0
0, 0.0, 0, 0
0, 0.0, 0, 0
0, 0.0, 0, 0
0, 0.0, 1, 0
0, 0.0, 1, 0
0, 1.1102230246251565E-16, 1, 0
0, 2.220446049250313E-16, 1, 0
0, 0.0, 0, 0
0, 0.0, 0, 0
0, 0.0, 0, 0
0, 0.0, 0, 1
0, 0.0, 0, 1
0, 0.0, 0, 0
0, 3.3306690738754696E-16, 0, 0
0, -4.440892098500626E-16, 0, 0
0, 0.0, 0, 0
0, 0.0, 0, 0
0, 0.0, 0, 0
0, 0.0, 0, 0
0, 0.0, 0, 0
0, 0.0, 0, 0
0, 0.0, 0, 0
0, 0.0, 0, 0
0, 0.0, 1, 0
0, 0.0, 1, 0
0, -2.220446049250313E-16, 1, 0
1, 0.0, 1, 1
1, -2.220446049250313E-16, 1, 1
1, 1.1102230246251565E-16, 1, 1
1, 0.0, 1, 1
1, 0.0, 1, 1
1, 0.0, 1, 1
1, 0.0, 1, 1
1, 0.0, 1, 1
1, 0.0, 1, 1
1, 0.0, 1, 1
1, 0.0, 1, 1
1, 0.0, 1, 1
1, 0.0, 1, 1
1, 0.0, 1, 1
0, -6.661338147750939E-16, 0, 0
0, -2.220446049250313E-16, 0, 0
0, 4.440892098500626E-16, 0, 0
0, 0.0, 0, 0
0, 0.0, 0, 0
0, 0.0, 0, 0
0, 0.0, 0, 0
0, 0.0, 0, 0
0, 0.0, 0, 0
0, 4.440892098500626E-16, 1, 0
0, 0.05555555555555536, 1, 0
0, -2.220446049250313E-16, 1, 0
0, 0.0, 1, 0
0, 0.0, 1, 0
0, 0.0, 1, 0
0, 0.0, 1, 0
0, 0.0, 1, 0
0, 0.0, 1, 0
0, 0.0, 1, 0
0, 0.0, 1, 0
0, 0.0, 1, 0
0, 0.0, 1, 0
0, 0.0, 1, 0
0, 0.0, 1, 0
0, 0.0, 1, 0
0, 0.0, 1, 0
0, 0.0, 1, 0
0, 0.0, 1, 0
0, 0.0, 1, 0
0, 0.0, 1, 0
0, 0.0, 0, 0
0, 0.0, 0, 0
0, 0.0, 0, 0
0, 0.0, 1, 0
0, 0.0, 1, 0
0, 2.220446049250313E-16, 1, 0
0, 0.0, 1, 0
0, 0.0, 0, 0
0, 0.0, 0, 0
0, 0.0, 0, 0
0, 0.0, 0, 1
0, 0.0, 0, 1
0, 2.220446049250313E-16, 0, 0
0, 0.0, 0, 0
0, -4.440892098500626E-16, 0, 0
0, 0.0, 0, 0
0, 0.0, 0, 0
0, 0.0, 0, 0
0, 0.0, 0, 0
0, 0.0, 0, 0
0, 0.0, 0, 0
0, 0.0, 0, 0
0, 0.0, 0, 0
0, 0.0, 1, 0
0, 0.0, 1, 0
0, 0.0, 1, 0
1, 0.0, 1, 1
1, 0.0, 1, 1
1, 1.1102230246251565E-16, 1, 1
1, 0.0, 1, 1
1, 0.0, 1, 1
1, 0.0, 1, 1
1, 0.0, 1, 1
1, 0.0, 1, 1
1, 0.0, 1, 1
1, 0.0, 1, 1
1, 0.0, 1, 1
1, 0.0, 1, 1
1, 0.0, 1, 1
1, 0.0, 1, 1
0, -8.881784197001252E-16, 0, 0
0, 1.1102230246251565E-16, 0, 0
0, 4.440892098500626E-16, 0, 0
0, 0.0, 0, 0
0, 0.0, 0, 0
0, 0.0, 0, 0
0, 0.0, 0, 0
0, 0.0, 0, 0
0, 0.0, 0, 0
0, -4.440892098500626E-16, 1, 0
0, 1.1102230246251565E-16, 1, 0
0, 2.220446049250313E-16, 1, 0
0, 0.0, 1, 0
0, 0.0, 1, 0
0, 0.0, 1, 0
0, 0.0, 1, 0
0, 0.0, 1, 0
0, 0.0, 1, 0
0, 0.0, 1, 0
0, 0.0, 1, 0
0, 0.0, 1, 0
0, 0.0, 1, 0
0, 0.0, 1, 0
0, 0.0, 1, 0
0, 0.0, 1, 0
0, 0.0, 1, 0
0, 0.0, 1, 0
0, 0.0, 1, 0
0, 0.0, 1, 0
0, 0.0, 1, 0
0, 0.0, 0, 0
0, 0.0, 0, 0
0, 0.0, 0, 0
0, 0.0, 1, 0
0, 0.0, 1, 0
0, 2.220446049250313E-16, 1, 0
0, 2.220446049250313E-16, 1, 0
0, 0.0, 0, 0
0, 0.0, 0, 0
0, 0.0, 0, 0
0, 0.0, 0, 1
0, 0.0, 0, 1
0, 0.0, 0, 0
0, 3.3306690738754696E-16, 0, 0
0, 0.0, 0, 0
0, 0.0, 0, 0
0, 0.0, 0, 0
0, 0.0, 0, 0
0, 0.0, 0, 0
0, 0.0, 0, 0
0, 0.0, 0, 0
0, 0.0, 0, 0
0, 0.0, 0, 0
0, 0.0, 1, 0
0, -2.220446049250313E-16, 1, 0
0, 0.0, 1, 0
1, 0.0, 1, 1
1, 0.0, 1, 1
1, 0.0, 1, 1
1, 0.0, 1, 1
1, 0.0, 1, 1
1, 0.0, 1, 1
1, 0.0, 1, 1
1, 0.0, 1, 1
1, 0.0, 1, 1
1, 0.0, 1, 1
1, 0.0, 1, 1
1, 0.0, 1, 1
1, 0.0, 1, 1
1, 0.0, 1, 1
0, -2.220446049250313E-16, 0, 0
0, 0.0, 0, 0
0, 2.220446049250313E-16, 0, 0
0, 0.0, 0, 0
0, 0.0, 0, 0
0, 0.0, 0, 0
0, 0.0, 0, 0
0, 0.0, 0, 0
0, 0.0, 0, 0
0, 2.220446049250313E-16, 1, 0
0, 0.0, 1, 0
0, 0.0, 1, 0
0, 0.0, 1, 0
0, 0.0, 1, 0
0, 0.0, 1, 0
0, 0.0, 1, 0
0, 0.0, 1, 0
0, 0.0, 1, 0
0, 0.0, 1, 0
0, 0.0, 1, 0
0, 0.0, 1, 0
0, 0.0, 1, 0
0, 0.0, 1, 0
0, 0.0, 1, 0
0, 0.0, 1, 0
0, 0.0, 1, 0
0, 0.0, 1, 0
0, 0.0, 1, 0
0, 0.0, 1, 0
0, 0.0, 1, 0
0, 0.0, 0, 0
0, 2.220446049250313E-16, 0, 0
0, 0.0, 0, 0
0, 0.0, 1, 0
0, 0.0, 1, 0
0, 2.220446049250313E-16, 1, 0
0, 0.0, 1, 0
0, 0.0, 0, 0
0, 0.0, 0, 0
0, 0.0, 0, 0
0, 0.0, 0, 1
0, 0.0, 0, 1
0, -2.220446049250313E-16, 0, 0
0, 3.3306690738754696E-16, 0, 0
0, 3.3306690738754696E-16, 0, 0
0, 0.0, 0, 0
0, 0.0, 0, 0
0, 0.0, 0, 0
0, 0.0, 0, 0
0, 0.0, 0, 0
0, 0.0, 0, 0
0, 0.0, 0, 0
0, 0.0, 0, 0
0, 0.0, 1, 0
0, 0.0, 1, 0
0, 1.1102230246251565E-16, 1, 0
1, 0.0, 1, 1
1, 0.0, 1, 1
1, 1.1102230246251565E-16, 1, 1
1, 0.0, 1, 1
1, 0.0, 1, 1
1, 0.0, 1, 1
1, 0.0, 1, 1
1, 0.0, 1, 1
1, 0.0, 1, 1
1, 0.0, 1, 1
1, 0.0, 1, 1
1, 0.0, 1, 1
1, 0.0, 1, 1
1, 0.0, 1, 1
0, -4.440892098500626E-16, 0, 0
0, 3.3306690738754696E-16, 0, 0
0, 1.1102230246251565E-16, 0, 0
0, 0.0, 0, 0
0, 0.0, 0, 0
0, 0.0, 0, 0
0, 0.0, 0, 0
0, 0.0, 0, 0
0, 0.0, 0, 0
0, 3.3306690738754696E-16, 1, 0
0, 0.0, 1, 0
0, -2.220446049250313E-16, 1, 0
0, 0.0, 1, 0
0, 0.0, 1, 0
0, 0.0, 1, 0
0, 0.0, 1, 0
0, 0.0, 1, 0
0, 0.0, 1, 0
0, 0.0, 1, 0
0, 0.0, 1, 0
0, 0.0, 1, 0
0, 0.0, 1, 0
0, 0.0, 1, 0
0, 0.0, 1, 0
0, 0.0, 1, 0
0, 0.0, 1, 0
0, 0.0, 1, 0
0, 0.0, 1, 0
0, 0.0, 1, 0
0, 0.0, 1, 0
0, 0.0, 0, 0
0, -2.220446049250313E-16, 0, 0
0, 0.0, 0, 0
0, 0.0, 1, 0
0, 0.0, 1, 0
0, 0.0, 1, 0
0, 1.1102230246251565E-16, 1, 0
0, 0.0, 0, 0
0, 0.0, 0, 0
0, 0.0, 0, 0
0, 0.0, 0, 1
0, 0.0, 0, 1
0, 0.0, 0, 0
0, 0.0, 0, 0
0, 2.220446049250313E-16, 0, 0
0, 0.0, 0, 0
0, 0.0, 0, 0
0, 0.0, 0, 0
0, 0.0, 0, 0
0, 0.0, 0, 0
0, 0.0, 0, 0
0, 0.0, 0, 0
0, 0.0, 0, 0
0, -2.220446049250313E-16, 1, 0
0, 1.1102230246251565E-16, 1, 0
0, -2.220446049250313E-16, 1, 0
1, 0.0, 1, 1
1, 0.0, 1, 1
1, 0.0, 1, 1
1, 0.0, 1, 1
1, 0.0, 1, 1
1, 0.0, 1, 1
1, 0.0, 1, 1
1, 0.0, 1, 1
1, 0.0, 1, 1
1, 0.0, 1, 1
1, 0.0, 1, 1
1, 0.0, 1, 1
1, 0.0, 1, 1
1, 0.0, 1, 1
0, 1.1102230246251565E-16, 0, 0
0, 0.0, 0, 0
0, 4.440892098500626E-16, 0, 0
0, 0.0, 0, 0
0, 0.0, 0, 0
0, 0.0, 0, 0
0, 0.0, 0, 0
0, 0.0, 0, 0
0, 0.0, 0, 0
0, 0.09090909090909127, 0, 1
0, 2.220446049250313E-16, 0, 1
0, 0.04761904761904767, 0, 1
0, 0.0, 0, 0
0, 0.0, 0, 0
0, 0.0, 0, 0
0, 0.0, 0, 0
0, 0.0, 0, 0
0, 0.0, 0, 0
0, 0.0, 0, 0
0, 0.0, 0, 0
0, 0.0, 0, 0
0, 0.0, 0, 0
0, 0.0, 0, 0
0, 0.0, 0, 0
0, 0.0, 0, 0
0, 0.0, 0, 0
0, 0.0, 0, 0
0, 0.0, 0, 0
0, 0.0, 0, 0
0, 0.0, 0, 0
0, 0.0, 0, 1
0, 0.15625, 0, 1
0, 0.0, 0, 1
0, 0.0, 0, 0
0, 0.0, 0, 0
0, 1.1102230246251565E-16, 0, 0
0, 0.14583333333333326, 0, 0
0, 0.0, 0, 0
0, 0.0, 0, 0
0, 0.0, 0, 0
0, 0.0, 0, 0
0, 1.1102230246251565E-16, 0, 0
0, 0.35285714285714276, 1, 0
0, 0.30487804878048763, 1, 0
0, 0.440547263681592, 1, 0
0, 0.0, 0, 0
0, 0.0, 0, 0
0, 0.0, 0, 0
0, 0.33333333333333337, 0, 0
0, 0.0, 0, 0
0, 0.0, 0, 0
0, 0.0, 0, 0
0, 0.0, 0, 0
0, 2.220446049250313E-16, 0, 0
0, 0.0625, 0, 0
0, 0.09523809523809534, 0, 0
0, 0.0, 0, 0
0, 0.0, 0, 0
0, 0.0, 0, 0
0, 0.0, 0, 0
0, 0.0, 0, 0
0, 0.0, 0, 0
0, 0.0, 0, 0
0, 0.0, 0, 0
0, 0.0, 0, 0
0, 0.0, 0, 0
0, 0.0, 0, 0
0, 0.0, 0, 0
0, 0.3999999999999999, 0, 0
0, 0.0, 0, 0
0, 0.0, 0, 0
1, 0.2997076023391809, 1, 1
1, 0.4417122040072857, 1, 1
0, 0.0, 1, 0
0, 0.0, 1, 0
0, 0.0, 1, 0
0, 0.0, 0, 0
0, 0.0, 0, 0
0, 0.0, 0, 0
0, 0.2114285714285713, 0, 1
0, 0.16666666666666652, 0, 1
0, 0.1466666666666666, 0, 1
0, 0.0, 0, 0
0, 0.0, 0, 0
0, 0.0, 0, 0
0, 0.0, 0, 0
0, 0.0, 0, 0
0, 0.0, 0, 0
0, 0.0, 0, 0
0, 0.0, 0, 0
0, 0.0, 0, 0
0, 0.0, 0, 0
0, 0.0, 0, 0
0, 0.0, 0, 0
0, 0.0, 0, 0
0, 0.0, 0, 0
0, 1.1102230246251565E-16, 0, 0
0, 0.0, 0, 0
0, 0.33333333333333337, 0, 0
0, 0.0, 0, 0
0, 0.0, 0, 1
0, 0.0, 0, 1
0, 0.0, 0, 1
0, 0.25, 0, 0
0, 0.0, 0, 0
0, 0.11111111111111116, 0, 0
0, 0.11111111111111094, 0, 0
0, 0.0, 0, 0
0, 0.0, 0, 0
0, 0.0, 0, 0
0, 0.0, 0, 0
0, 1.1102230246251565E-16, 0, 0
0, 0.22466422466422442, 1, 0
0, 0.2035714285714283, 1, 0
0, 0.3620689655172413, 1, 0
0, 0.0, 0, 0
0, 0.0, 0, 0
0, 0.0, 0, 0
0, 0.33333333333333337, 0, 0
0, 0.0, 0, 0
0, 0.0, 0, 0
0, 0.0, 0, 0
0, 0.0, 0, 0
0, 0.11111111111111094, 0, 0
0, 0.0625, 0, 0
0, 0.1470588235294117, 0, 0
0, 0.0, 0, 0
0, 0.0, 0, 0
0, 0.0, 0, 0
0, 0.0, 0, 0
0, 0.0, 0, 0
0, 0.0, 0, 0
0, 0.0, 0, 0
0, 0.0, 0, 0
0, 0.0, 0, 0
0, 0.0, 0, 0
0, 0.0, 0, 0
0, 0.0, 0, 0
0, 0.0, 0, 0
0, 0.0, 0, 0
0, 0.0, 0, 0
1, 0.440576652601969, 1, 1
1, 0.3236714975845413, 1, 1
0, 0.0, 1, 0
0, 0.0, 1, 0
0, 0.0, 1, 0
0, 0.0, 0, 0
0, 0.0, 0, 0
0, 0.0, 0, 0
0, 0.027777777777777568, 0, 1
0, 2.220446049250313E-16, 0, 1
0, 0.11666666666666659, 0, 1
0, 0.0, 0, 0
0, 0.0, 0, 0
0, 0.0, 0, 0
0, 0.0, 0, 0
0, 0.0, 0, 0
0, 0.0, 0, 0
0, 0.0, 0, 0
0, 0.0, 0, 0
0, 0.0, 0, 0
0, 0.0, 0, 0
0, 0.0, 0, 0
0, 0.0, 0, 0
0, 0.0, 0, 0
0, 0.0, 0, 0
0, 0.0, 0, 0
0, 0.0, 0, 0
0, 0.0, 0, 0
0, 0.0, 0, 0
0, 0.0, 0, 1
0, 0.0, 0, 1
0, 0.0, 0, 1
0, 0.0, 0, 0
0, 0.0, 0, 0
0, 0.09999999999999998, 0, 0
0, 0.0, 0, 0
0, 0.0, 0, 0
0, 0.0, 0, 0
0, 0.0, 0, 0
0, 0.0, 0, 0
0, 0.0, 0, 0
0, 0.3376068376068374, 1, 0
0, 0.5092592592592594, 1, 0
0, 0.4667532467532468, 1, 0
0, 0.0, 0, 0
0, 0.0, 0, 0
0, 0.0, 0, 0
0, 0.0, 0, 0
0, 0.0, 0, 0
0, 0.0, 0, 0
0, 0.0, 0, 0
0, 0.0, 0, 0
0, 0.05882352941176461, 0, 0
0, 0.05882352941176461, 0, 0
0, 0.04999999999999982, 0, 0
0, 0.0, 0, 0
0, 0.0, 0, 0
0, 0.0, 0, 0
0, 0.0, 0, 0
0, 0.0, 0, 0
0, 0.0, 0, 0
0, 0.0, 0, 0
0, 0.0, 0, 0
0, 0.0, 0, 0
0, 0.0, 0, 0
0, 0.0, 0, 0
0, 0.0, 0, 0
0, 0.0, 0, 0
0, 0.0, 0, 0
0, 0.0, 0, 0
1, 0.4873304725577454, 1, 1
1, 0.4513725490196079, 1, 1
0, 0.0, 1, 0
0, 0.0, 1, 0
0, 0.0, 1, 0
0, 0.0, 0, 0
0, 0.0, 0, 0
0, 0.0, 0, 0
0, 0.07575757575757613, 0, 0
0, 0.05555555555555536, 0, 0
0, 0.1499999999999998, 0, 0
0, 0.0, 0, 0
0, 0.0, 0, 0
0, 0.0, 0, 0
0, 0.0, 0, 0
0, 0.0, 0, 0
0, 0.0, 0, 0
0, 0.0, 0, 0
0, 0.0, 0, 0
0, 0.0, 0, 0
0, 0.0, 0, 0
0, 0.0, 0, 0
0, 0.33333333333333337, 0, 0
0, 0.0, 0, 0
0, 0.0, 0, 0
0, 0.0, 0, 0
0, 0.0, 0, 0
0, 0.33333333333333337, 0, 0
0, 0.0, 0, 0
0, 0.0, 0, 0
0, 1.1102230246251565E-16, 0, 0
0, 0.0, 0, 0
0, 0.0, 0, 0
0, 0.0, 0, 0
0, -2.220446049250313E-16, 0, 0
0, 0.0, 0, 0
0, 0.0, 0, 1
0, 0.0, 0, 1
0, 0.0, 0, 1
0, 0.19999999999999996, 0, 0
0, 0.0, 0, 0
0, -2.220446049250313E-16, 1, 0
0, 0.0, 1, 0
0, -2.220446049250313E-16, 1, 0
0, 0.0, 0, 0
0, 0.0, 0, 0
0, 0.0, 0, 0
0, 0.0, 0, 0
0, 0.0, 0, 0
0, 0.0, 0, 0
0, 0.0, 0, 0
0, 0.0, 0, 0
0, 0.0, 0, 1
0, 0.0, 0, 1
0, 0.052631578947368585, 0, 1
0, 0.0, 0, 0
0, 0.08333333333333315, 0, 0
0, 0.0, 0, 0
0, 0.0, 0, 0
0, 0.0, 0, 0
0, 0.0, 0, 0
0, 0.0, 0, 0
0, 0.0, 0, 0
0, 0.33333333333333337, 0, 0
0, 0.0, 0, 0
0, 0.0, 0, 0
0, 0.0, 0, 0
0, 0.0, 0, 0
0, 0.0, 0, 0
0, 0.0, 0, 0
0, 7.771561172376096E-16, 1, 0
0, 0.020833333333332926, 1, 0
0, -2.220446049250313E-16, 1, 0
1, 0.0, 1, 1
1, 0.0, 1, 1
0, 0.0, 0, 0
0, 0.0, 0, 0
0, 0.0, 0, 0
0, 3.3306690738754696E-16, 0, 0
0, 0.0, 0, 0
0, -2.220446049250313E-16, 0, 0
0, 0.0, 0, 0
0, 0.0, 0, 0
0, 0.0, 0, 0
0, 0.0, 0, 0
0, 0.0, 0, 0
0, 0.0, 0, 0
0, 0.0, 0, 0
0, 0.0, 0, 0
0, 0.0, 0, 0
0, 0.0, 0, 0
0, 0.0, 0, 0
0, 0.0, 0, 0
0, 0.0, 0, 0
0, 0.0, 0, 0
0, 0.0, 0, 0
0, 0.0, 0, 0
0, 0.0, 0, 0
0, 0.0, 0, 0
0, 0.0, 0, 0
0, 0.0, 0, 0
0, 0.0, 0, 0
0, 0.0, 0, 0
0, 0.0, 0, 0
0, 0.0, 0, 0
0, 0.0, 0, 0
0, 0.0, 0, 1
0, 0.0, 0, 1
0, 0.0, 0, 1
0, 0.0, 0, 0
0, 0.0, 0, 0
0, 2.220446049250313E-16, 1, 0
0, 3.3306690738754696E-16, 1, 0
0, 4.440892098500626E-16, 1, 0
0, 0.0, 0, 0
0, 0.0, 0, 0
0, 0.0, 0, 0
0, 0.0, 0, 0
0, 0.0, 0, 0
0, 0.0, 0, 0
0, 0.0, 0, 0
0, 0.0, 0, 0
0, 0.0, 0, 1
0, -2.220446049250313E-16, 0, 1
0, 2.220446049250313E-16, 0, 1
0, 0.0, 0, 0
0, 0.0, 0, 0
0, 0.0, 0, 0
0, 0.0, 0, 0
0, 0.0, 0, 0
0, 0.0, 0, 0
0, 0.0, 0, 0
0, 0.0, 0, 0
0, 0.0, 0, 0
0, 0.0, 0, 0
0, 0.0, 0, 0
0, 0.0, 0, 0
0, 0.0, 0, 0
0, 0.0, 0, 0
0, 0.0, 0, 0
0, -4.440892098500626E-16, 1, 0
0, 2.220446049250313E-16, 1, 0
0, 2.220446049250313E-16, 1, 0
1, 0.0, 1, 1
1, 0.0, 1, 1
0, 0.0, 0, 0
0, 0.0, 0, 0
0, 0.0, 0, 0
0, 0.0, 0, 0
0, 2.220446049250313E-16, 0, 0
0, 2.220446049250313E-16, 0, 0
0, 0.0, 0, 0
0, 0.0, 0, 0
0, 0.0, 0, 0
0, 0.0, 0, 0
0, 0.0, 0, 0
0, 0.0, 0, 0
0, 0.0, 0, 0
0, 0.0, 0, 0
0, 0.0, 0, 0
0, 0.0, 0, 0
0, 0.0, 0, 0
0, 0.0, 0, 0
0, 0.0, 0, 0
0, 0.0, 0, 0
0, 0.0, 0, 0
0, 0.0, 0, 0
0, 0.0, 0, 0
0, 0.0, 0, 0
0, 0.0, 0, 0
0, 0.0, 0, 0
0, 0.0, 0, 0
0, 0.0, 0, 0
0, 0.0, 0, 0
0, 0.0, 0, 0
0, 0.0, 0, 0
0, 0.0, 0, 1
0, 0.0, 0, 1
0, 0.0, 0, 1
0, 0.0, 0, 0
0, 0.0, 0, 0
0, 1.1102230246251565E-16, 1, 0
0, 1.1102230246251565E-16, 1, 0
0, 1.1102230246251565E-16, 1, 0
0, 0.0, 0, 0
0, 0.0, 0, 0
0, 0.0, 0, 0
0, 0.0, 0, 0
0, 0.0, 0, 0
0, 0.0, 0, 0
0, 0.0, 0, 0
0, 0.0, 0, 0
0, 0.0, 0, 1
0, 0.0, 0, 1
0, 0.0, 0, 1
0, 0.0, 0, 0
0, 0.0, 0, 0
0, 0.0, 0, 0
0, 0.0, 0, 0
0, 0.0, 0, 0
0, 0.0, 0, 0
0, 0.0, 0, 0
0, 0.0, 0, 0
0, 0.0, 0, 0
0, 0.0, 0, 0
0, 0.0, 0, 0
0, 0.0, 0, 0
0, 0.0, 0, 0
0, 0.0, 0, 0
0, 0.0, 0, 0
0, -4.440892098500626E-16, 1, 0
0, 3.3306690738754696E-16, 1, 0
0, 2.220446049250313E-16, 1, 0
1, 0.0, 1, 1
1, 0.0, 1, 1
0, 0.0, 0, 0
0, 0.0, 0, 0
0, 0.0, 0, 0
0, 0.0, 0, 0
0, 0.0, 0, 0
0, 0.0, 0, 0
0, 0.0, 0, 0
0, 0.0, 0, 0
0, 0.0, 0, 0
0, 0.0, 0, 0
0, 0.0, 0, 0
0, 0.0, 0, 0
0, 0.0, 0, 0
0, 0.0, 0, 0
0, 0.0, 0, 0
0, 0.0, 0, 0
0, 0.0, 0, 0
0, 0.0, 0, 0
0, 0.0, 0, 0
0, 0.0, 0, 0
0, 0.0, 0, 0
0, 0.0, 0, 0
0, 0.0, 0, 0
0, 0.0, 0, 0
0, 0.0, 1, 0
0, -2.220446049250313E-16, 1, 0
0, 0.0, 1, 0
0, 0.0, 0, 1
0, 0.0, 0, 1
0, 0.0, 0, 1
0, 0.0, 0, 1
0, 0.0, 1, 0
0, 0.0, 1, 0
0, 0.0, 1, 0
0, 0.0, 0, 0
0, 0.0, 0, 0
0, 1.1102230246251565E-16, 0, 1
0, 1.1102230246251565E-16, 0, 1
0, 2.220446049250313E-16, 0, 1
0, 0.0, 0, 0
0, 0.0, 0, 0
0, 0.0, 0, 0
0, 0.0, 0, 0
0, 0.0, 0, 0
0, 0.0, 0, 0
0, 0.0, 0, 0
0, 0.0, 0, 0
0, 0.0, 0, 0
0, 0.0, 0, 0
0, 0.0, 0, 0
0, 0.0, 0, 0
0, 0.0, 0, 0
0, 0.0, 0, 0
0, 0.0, 0, 0
0, 0.0, 0, 0
0, 0.0, 0, 0
0, 0.0, 0, 0
0, 0.0, 0, 0
0, 0.0, 0, 0
0, 0.0, 0, 0
0, 0.0, 0, 0
0, 0.0, 0, 0
0, 0.0, 0, 0
0, 0.0, 0, 0
0, 0.0, 0, 0
0, -2.220446049250313E-16, 0, 0
0, 1.1102230246251565E-16, 0, 0
0, 0.0, 0, 0
0, 0.0, 0, 0
0, 0.0, 0, 0
0, 0.0, 0, 0
1, 0.0, 1, 1
1, 0.0, 1, 1
0, 0.0, 0, 0
0, 0.0, 0, 0
0, -2.220446049250313E-16, 0, 0
0, 0.0, 0, 0
0, 0.0, 0, 0
0, 0.0, 0, 0
0, 0.0, 0, 0
0, 0.0, 0, 0
0, 0.0, 0, 0
0, 0.0, 0, 0
0, 0.0, 0, 0
0, 0.0, 0, 0
0, 0.0, 0, 0
0, 0.0, 0, 0
0, 0.0, 0, 0
0, 0.0, 0, 0
0, 0.0, 0, 0
0, 0.0, 0, 0
0, 0.0, 0, 0
0, 0.0, 0, 0
0, 0.0, 0, 0
0, 0.0, 1, 0
0, 0.33333333333333337, 1, 0
0, 1.1102230246251565E-16, 1, 0
0, 0.0, 0, 1
0, 0.0, 0, 1
0, 0.0, 0, 1
0, 0.0, 0, 1
0, 0.0, 1, 0
0, 0.0, 1, 0
0, 0.0, 1, 0
0, 0.0, 0, 0
0, 0.0, 0, 0
0, 2.220446049250313E-16, 0, 1
0, -2.220446049250313E-16, 0, 1
0, 4.440892098500626E-16, 0, 1
0, 0.0, 0, 0
0, 0.0, 0, 0
0, 0.0, 0, 0
0, 0.0, 0, 0
0, 0.0, 0, 0
0, 0.0, 0, 0
0, 0.0, 0, 0
0, 0.0, 0, 0
0, 0.0, 0, 0
0, 0.0, 0, 0
0, 0.0, 0, 0
0, 0.0, 0, 0
0, 0.0, 0, 0
0, 0.0, 0, 0
0, 0.0, 0, 0
0, 0.0, 0, 0
0, 0.0, 0, 0
0, 0.0, 0, 0
0, 0.0, 0, 0
0, 0.0, 0, 0
0, 0.0, 0, 0
0, 0.0, 0, 0
0, 0.0, 0, 0
0, 0.0, 0, 0
0, 0.0, 0, 0
0, 0.0, 0, 0
0, 2.220446049250313E-16, 0, 0
0, 4.440892098500626E-16, 0, 0
0, 1.1102230246251565E-16, 0, 0
0, 0.0, 0, 0
0, 0.0, 0, 0
0, 0.0, 0, 0
1, 0.0, 1, 1
1, 0.0, 1, 1
0, -2.220446049250313E-16, 0, 0
0, 1.1102230246251565E-16, 0, 0
0, 0.0, 0, 0
0, 0.0, 0, 0
0, 0.0, 0, 0
0, 0.0, 0, 0
0, 0.0, 0, 0
0, 0.0, 0, 0
0, 0.0, 0, 0
0, 0.0, 0, 0
0, 0.0, 0, 0
0, 0.0, 0, 0
0, 0.0, 0, 0
0, 0.0, 0, 0
0, 0.0, 0, 0
0, 0.0, 0, 0
0, 0.0, 0, 0
0, 0.0, 0, 0
0, 0.0, 0, 0
0, 0.0, 0, 0
0, 0.0, 0, 0
0, 0.0, 1, 0
0, 0.0, 1, 0
0, 1.1102230246251565E-16, 1, 0
0, 0.0, 0, 1
0, 0.0, 0, 1
0, 0.0, 0, 1
0, 0.0, 0, 1
0, 0.0, 1, 0
0, 0.0, 1, 0
0, 0.0, 1, 0
0, 0.0, 0, 0
0, 0.0, 0, 0
0, 2.220446049250313E-16, 0, 1
0, 1.1102230246251565E-16, 0, 1
0, 1.1102230246251565E-16, 0, 1
0, 0.0, 0, 0
0, 0.0, 0, 0
0, 0.0, 0, 0
0, 0.0, 0, 0
0, 0.0, 0, 0
0, 0.0, 0, 0
0, 0.0, 0, 0
0, 0.0, 0, 0
0, 0.0, 0, 0
0, 0.0, 0, 0
0, 0.0, 0, 0
0, 0.0, 0, 0
0, 0.0, 0, 0
0, 0.0, 0, 0
0, 0.0, 0, 0
0, 0.0, 0, 0
0, 0.0, 0, 0
0, 0.0, 0, 0
0, 0.0, 0, 0
0, 0.0, 0, 0
0, 0.0, 0, 0
0, 0.0, 0, 0
0, 0.0, 0, 0
0, 0.0, 0, 0
0, 0.0, 0, 0
0, 0.0, 0, 0
0, -4.440892098500626E-16, 0, 0
0, -2.220446049250313E-16, 0, 0
0, 0.0, 0, 0
0, 0.0, 0, 0
0, 0.0, 0, 0
0, 0.0, 0, 0
1, 0.0, 1, 1
1, 0.0, 1, 1
