22938420,343.75,166.42859,0.1824
22938797,286.60715,66.14282,0.21120001
22938982,284.8214,56.714355,0.3072
22940196,529.4643,72.14282,0.3456
22940388,901.7857,80.714355,0.24480002
22940925,956.25,294.14282,0.13440001
22941215,1031.25,65.28577,0.1296
22941592,538.3928,90.14282,0.3456
22941728,739.2857,171.57141,0.17760001
22942021,653.5714,95.28577,0.432
22943469,101.78571,373.85718,0.2064
22948525,59.821426,275.28577,0.1296
22951549,50.0,271.0,0.10080001
22952076,300.0,373.85718,0.24000001
22952948,300.0,49.857178,0.2256
22953147,295.5357,55.857178,0.3648
22954843,51.785713,176.71436,0.0768
22955595,85.71429,272.71436,0.1632
22956706,27.678572,271.85718,0.10080001
22957327,312.5,395.28577,0.24960001
22958260,608.0357,213.57141,0.312
22958528,969.6428,282.14282,0.096
22958727,72.32143,205.0,0.2592
22958838,926.7857,59.285767,0.26880002
22959088,1070.5356,182.71436,0.057600003
22960078,900.8928,397.0,0.120000005
22960585,470.5357,274.4286,0.31680003
22960686,1017.8571,106.42859,0.31680003
22960983,963.3928,282.14282,0.1488
22963006,395.5357,82.42859,0.28320003
22963248,516.0714,80.714355,0.44640002
22963724,225.89285,185.28577,0.18720001
22965658,1156.25,285.5714,0.124800004
22965849,1146.4286,281.28577,0.0816
22965999,1141.0714,282.14282,0.057600003
22966113,1140.1786,277.0,0.0912
22966696,972.3214,281.28577,0.10080001
22967116,638.3928,56.714355,0.1632
22967508,573.2143,168.14282,0.21120001
22967955,1039.2856,70.42859,0.1536
22968093,1041.9642,65.28577,0.1296
22968222,623.2143,185.28577,0.30240002
22968375,1042.8572,174.14282,0.115200005
22968628,298.2143,64.42859,0.23520002
22969167,744.6428,297.5714,0.0864
22970005,1141.9642,277.85718,0.0816
22970473,853.5714,291.5714,0.115200005
22970648,112.5,189.57141,0.1824
22970747,979.4643,283.85718,0.20160002
22971012,289.2857,61.857178,0.2592
22972084,1154.4642,392.71436,0.0912
23066357,1150.8928,278.71436,0.13440001
23068361,316.0714,385.85718,0.2544
23069084,160.71428,60.142822,0.124800004
23069607,538.3928,73.85718,0.47040004
23069854,407.14285,86.714355,0.42240003
23076669,1137.5,281.28577,0.10080001
23076850,1136.6072,281.28577,0.15840001
23076979,1133.0356,283.85718,0.0912
23077116,1129.4642,286.4286,0.120000005
23077255,1129.4642,288.14282,0.10560001
23077385,1123.2142,295.0,0.110400006
23077638,1127.6786,291.5714,0.124800004
23077790,1122.3214,292.4286,0.1296
23077931,1124.1072,288.14282,0.10560001
23078054,1116.9642,292.4286,0.13440001
23078177,1120.5356,295.85718,0.120000005
23085938,1123.2142,389.28577,0.0768
23090294,125.0,400.4286,0.13440001
23102698,320.5357,181.85718,0.216
23102963,278.5714,61.0,0.1536
23103150,289.2857,72.14282,0.19680001
23103542,519.6428,58.42859,0.16800001
23103732,899.1071,83.28577,0.216
23104906,966.0714,287.28577,0.1536
23105605,1027.6786,75.57141,0.1392
23106209,516.0714,61.857178,0.1536
23106381,704.4643,199.85718,0.30240002
23106569,673.2143,77.28577,0.24000001
23107380,286.60715,352.4286,0.18720001
23108236,269.64285,85.85718,0.2784
23108399,266.9643,79.85718,0.2256
23109593,14.285714,177.57141,0.0864
23110108,326.7857,379.85718,0.1728
23110925,574.1071,175.85718,0.3264
23111952,972.3214,265.85718,0.120000005
23112152,113.39285,187.0,0.0864
23112287,898.2143,86.714355,0.30240002
23112712,1090.1786,180.14282,0.0768
23113985,863.3928,384.14282,0.1728
23114562,472.3214,266.71436,0.18720001
23114745,1008.0357,80.714355,0.18720001
23115193,966.0714,271.85718,0.13440001
23117361,396.42856,75.57141,0.2544
23117593,482.14285,75.57141,0.216
23118193,222.32143,180.14282,0.072000004
23118956,577.6786,190.42859,0.31680003
23119511,131.25,196.42859,0.17760001
23119661,969.6428,264.14282,0.13440001
23119919,280.35715,65.28577,0.16800001
23120447,400.89285,63.57141,0.20160002
23121642,303.5714,386.71436,0.1488
23122295,279.4643,53.285767,0.312
23123982,1136.6072,277.0,0.1392
23124178,1130.3572,286.4286,0.1536
23124313,1134.8214,271.85718,0.096
23126518,94.64285,377.28577,0.15840001
23130106,345.5357,390.14282,0.096
23130980,967.8571,295.85718,0.1536
23131128,57.142857,176.71436,0.17760001
23131664,619.6428,183.57141,0.43680003
23131954,918.75,69.57141,0.096
23132369,464.2857,301.85718,0.264
23132887,341.0714,153.57141,0.30240002
23133101,419.64285,82.42859,0.3312
23133486,96.42857,186.14282,0.1296
23134198,623.2143,177.57141,0.26880002
23134376,1029.4642,73.0,0.1392
23135555,840.1786,297.5714,0.1632
23137515,329.4643,381.5714,0.14400001
23138128,282.14285,53.285767,0.23520002
23140603,1149.1072,385.85718,0.115200005
23675606,714.2857,187.0,0.2976
23675783,296.42856,55.857178,0.23520002
23676094,1100.0,172.42859,0.072000004
23676263,1102.6786,168.14282,0.110400006
23676483,1020.5357,70.42859,0.110400006
23676654,611.6071,392.71436,0.2064
23677242,171.42857,82.42859,0.1728
23677362,993.75,55.0,0.14400001
23677596,401.7857,37.857178,0.312
23678173,1099.1072,175.0,0.124800004
23678330,346.42856,177.57141,0.2256
23680745,1153.5714,388.4286,0.0912
23744388,1145.5356,285.5714,0.072000004
23745372,320.5357,401.28577,0.14400001
23745967,47.321426,79.0,0.13440001
23748064,1152.6786,275.28577,0.067200005
23749112,38.392857,65.28577,0.2064
23750923,1158.9286,259.85718,0.1488
23752204,344.64285,386.71436,0.120000005
23752776,16.071428,61.857178,0.0864
23760087,158.0357,393.5714,0.192
23761920,91.96429,347.28577,0.20160002
23762699,78.57143,386.71436,0.264
23765054,1154.4642,387.5714,0.062400002
23767397,88.39285,392.71436,0.2064
23768125,116.07143,386.71436,0.115200005
23769339,300.89285,397.0,0.1536
23769836,116.07143,391.0,0.1488
23804617,333.0357,205.0,0.24960001
23804975,291.0714,73.0,0.15840001
23805145,288.39285,70.42859,0.24960001
23805483,547.3214,80.714355,0.2976
23805646,905.3571,73.0,0.13440001
23806163,967.8571,292.4286,0.10080001
23806472,1009.8214,73.85718,0.1536
23806789,547.3214,73.85718,0.1536
23806980,712.5,172.42859,0.110400006
23807190,671.4286,79.85718,0.192
23808079,66.07143,389.28577,0.067200005
23813821,317.85715,382.4286,0.22080001
23814659,283.0357,67.85718,0.23520002
23814823,265.17856,73.85718,0.24000001
23818655,970.5357,288.14282,0.1392
23819050,645.5357,65.28577,0.2064
23819538,593.75,184.42859,0.37440002
23819933,1027.6786,65.28577,0.0864
23820109,1020.5357,73.0,0.10560001
23820329,600.0,173.28577,0.2544
23820495,1051.7856,174.14282,0.110400006
23820774,280.35715,77.28577,0.15840001
23821196,850.8928,294.14282,0.0912
23821355,58.035713,180.14282,0.110400006
23821552,959.8214,274.4286,0.067200005
23821812,288.39285,59.285767,0.16800001
23842074,1156.25,267.5714,0.110400006
23842254,1141.0714,277.85718,0.0912
23842410,1144.6428,267.5714,0.10560001
23842576,1145.5356,273.5714,0.10560001
23842726,1144.6428,270.14282,0.10560001
23842881,1151.7856,268.4286,0.115200005
23843742,1149.1072,256.4286,0.1296
23843936,1155.3572,253.0,0.096
23844076,1151.7856,261.5714,0.0816
23844248,1152.6786,258.14282,0.067200005
23844504,1153.5714,269.28577,0.0768
23846193,221.42857,177.57141,0.120000005
23846331,1141.0714,62.714355,0.23040001
23846559,283.0357,58.42859,0.1392
23846733,279.4643,60.142822,0.1392
23846981,337.5,187.85718,0.19680001
23847376,394.64285,67.85718,0.26880002
23847782,60.714287,166.42859,0.1728
23848369,461.60715,282.14282,0.1488
23848810,280.35715,67.0,0.15840001
23849029,361.60715,61.857178,0.2976
23850283,1138.3928,387.5714,0.0768
23862750,508.0357,61.0,0.16800001
23862925,669.6428,92.714355,0.1824
23863752,1159.8214,83.28577,0.13440001
23863933,285.7143,61.857178,0.17760001
23864332,383.92856,61.857178,0.120000005
23864776,75.89285,199.85718,0.1392
23865337,449.10715,290.71436,0.16800001
23865817,274.10715,77.28577,0.120000005
23866073,373.2143,87.57141,0.22080001
23866828,1162.5,392.71436,0.1296
25677483,339.2857,178.42859,0.13440001
25677831,282.14285,59.285767,0.110400006
25678010,278.5714,61.0,0.17760001
25678407,554.4643,43.857178,0.30240002
25678580,915.1786,75.57141,0.120000005
25679117,971.4286,292.4286,0.072000004
25679458,1028.5714,65.28577,0.0768
25679768,544.6428,61.0,0.24960001
25679910,741.9643,181.85718,0.1728
25680118,691.9643,81.57141,0.216
25680764,329.4643,398.71436,0.1488
25681359,288.39285,59.285767,0.1536
25681545,293.75,47.285767,0.124800004
25682872,303.5714,367.85718,0.19680001
25683444,289.2857,378.14282,0.1632
25684083,41.071426,171.57141,0.1488
25684676,328.5714,346.4286,0.1488
25685318,585.7143,168.14282,0.312
25685589,975.0,273.5714,0.062400002
25685790,116.07143,182.71436,0.23520002
25685889,868.75,64.42859,0.23520002
25686152,1097.3214,170.71436,0.048
25687030,875.8928,395.28577,0.1536
25687467,497.3214,280.4286,0.16800001
25687598,1017.8571,85.0,0.16800001
25687962,958.0357,296.71436,0.0912
25689978,405.35715,91.0,0.20160002
25690243,507.14285,97.85718,0.19680001
25690759,232.14285,157.85718,0.18720001
25691256,579.4643,185.28577,0.115200005
25691945,141.96428,179.28577,0.20160002
25692148,978.5714,273.5714,0.0816
25692934,1137.5,275.28577,0.067200005
25694351,967.8571,280.4286,0.120000005
25694497,66.07143,181.85718,0.21120001
25695033,620.5357,187.85718,0.24480002
25695199,920.5357,51.57141,0.18720001
25695616,447.3214,287.28577,0.1536
25695997,333.92856,167.28577,0.096
25696232,390.17856,79.85718,0.2928
25696584,75.89285,167.28577,0.120000005
25697090,613.3928,207.57141,0.32160002
25697241,1022.3214,86.714355,0.192
25697574,827.6786,296.71436,0.192
25698650,1162.5,283.0,0.048
25700184,956.25,311.28577,0.16800001
25700665,655.3571,82.42859,0.31680003
25701035,608.9286,182.71436,0.40800002
25701335,1050.0,82.42859,0.14400001
25701498,1043.75,74.714355,0.20160002
25701627,616.9643,210.14282,0.2256
25701781,1078.5714,180.14282,0.0912
25702100,303.5714,85.85718,0.3072
25703281,860.7143,279.5714,0.10560001
25703475,110.71429,193.85718,0.13440001
25703647,975.8928,287.28577,0.0768
25704004,292.85715,68.714355,0.1296
25705342,1136.6072,385.85718,0.1296
25807490,476.7857,183.57141,0.28800002
25807625,875.0,70.42859,0.216
25807880,1083.0356,174.14282,0.096
25808007,285.7143,54.142822,0.15840001
25809220,560.7143,370.4286,0.10080001
25811348,979.4643,277.0,0.067200005
25811503,61.607143,176.71436,0.16800001
25811724,848.2143,280.4286,0.1296
25811971,75.0,184.42859,0.1536
25812696,622.3214,187.85718,0.37440002
25813164,297.3214,74.714355,0.22080001
25813490,392.85715,107.28577,0.23040001
25816324,1133.0356,377.28577,0.0864
25877369,508.0357,88.42859,0.49920002
25877581,626.7857,93.57141,0.19680001
25878221,1155.3572,77.28577,0.0768
25878342,276.7857,70.42859,0.23040001
25878636,417.85715,77.28577,0.2928
25879021,37.5,172.42859,0.1728
25879635,466.9643,295.85718,0.1824
25880165,288.39285,75.57141,0.13440001
25880387,353.5714,67.0,0.23040001
25881169,1129.4642,385.85718,0.067200005
25910167,105.35714,374.71436,0.124800004
37167503,714.2857,229.85718,0.28800002
37168947,1161.6072,271.0,0.0768
37170839,329.4643,387.5714,0.13440001
37171655,670.5357,40.42859,0.23040001
37172092,1074.1072,65.28577,0.0816
37172876,754.4643,61.0,0.0864
37173085,396.42856,50.714355,0.120000005
37174519,1147.3214,268.4286,0.067200005
37174691,1141.9642,267.5714,0.062400002
37174857,1144.6428,269.28577,0.062400002
37175707,67.85714,272.71436,0.096
37176103,654.4643,57.57141,0.2256
37176800,800.0,82.42859,0.16800001
37177238,1062.5,71.28577,0.0816
37184684,1162.5,268.4286,0.067200005
37185503,1175.0,279.5714,0.067200005
37186249,1018.75,61.0,0.10560001
37187417,780.3571,85.0,0.1728
37187620,410.7143,58.42859,0.1296
37188460,672.3214,385.85718,0.110400006
37189104,457.14285,166.42859,0.1824
37189522,114.28571,163.0,0.124800004
37189961,487.5,280.4286,0.096
37190175,291.9643,50.714355,0.2544
37190939,748.2143,397.85718,0.1392
37191693,766.0714,173.28577,0.1392
37191875,111.60714,179.28577,0.067200005
37192380,226.7857,156.14282,0.096
37192928,705.3571,396.14282,0.115200005
37193189,447.3214,184.42859,0.192
37193644,103.57143,153.57141,0.17760001
37193937,1089.2856,166.42859,0.0768
37194115,1091.0714,162.14282,0.0912
37194302,273.2143,77.28577,0.192
37194657,841.0714,319.85718,0.10080001
37196935,698.2143,368.71436,0.1488
37197405,220.5357,171.57141,0.0864
37197661,98.21429,176.71436,0.17760001
37198086,362.5,182.71436,0.18720001
37198327,682.1428,370.4286,0.216
37199017,826.7857,284.71436,0.1296
37199571,1041.9642,62.714355,0.0912
37199765,161.60715,61.0,0.20160002
37204108,881.25,393.5714,0.0816
37204722,648.2143,379.85718,0.15840001
37206015,1138.3928,247.0,0.0816
37206491,1137.5,239.28577,0.096
37207445,94.64285,249.57141,0.1632
37207732,868.75,397.85718,0.0768
37209544,1138.3928,240.14282,0.096
37210212,878.5714,400.4286,0.18720001
37211217,1137.5,249.57141,0.115200005
37212574,305.35715,377.28577,0.31680003
37213259,900.0,401.28577,0.120000005
37213749,335.7143,390.14282,0.1392
37214905,749.1071,369.5714,0.0816
37217087,447.3214,185.28577,0.1536
37217227,991.0714,53.285767,0.1824
37217396,409.8214,92.714355,0.192
37218358,673.2143,376.4286,0.1632
37219088,705.3571,97.85718,0.2064
37219487,1038.3928,67.0,0.0864
37219924,797.3214,56.714355,0.10560001
37220507,586.6071,355.85718,0.21120001
37221010,971.4286,152.71436,0.096
37221274,837.5,278.71436,0.120000005
37221497,954.4643,56.714355,0.1824
37221691,178.57143,61.0,0.19680001
37222641,615.1786,388.4286,0.1296
37224374,1162.5,262.4286,0.110400006
37224551,1160.7142,257.28577,0.0864
37224713,1155.3572,252.14282,0.0864
37225534,1024.1072,58.42859,0.1296
37225983,189.2857,79.85718,0.17760001
37226444,677.6786,366.14282,0.20160002
37226834,533.9286,57.57141,0.24480002
37227095,725.8928,175.85718,0.1536
37227268,341.0714,94.42859,0.192
37227820,666.0714,381.5714,0.1824
37228691,529.4643,69.57141,0.3312
37228947,931.25,60.142822,0.096
37230221,966.9643,280.4286,0.067200005
37230504,277.67856,58.42859,0.1632
37230748,758.0357,385.85718,0.1488
37231190,955.3571,52.42859,0.096
37231340,269.64285,174.14282,0.0768
37231774,667.8571,341.28577,0.1824
37233282,858.9286,268.4286,0.0864
37233665,937.5,48.142822,0.1488
37233996,566.9643,178.42859,0.1728
37234221,726.7857,170.71436,0.192
37235401,913.3928,390.14282,0.120000005
37235841,684.8214,386.71436,0.1392
37237642,61.607143,285.5714,0.124800004
37238132,728.5714,292.4286,0.1296
37239517,775.8928,81.57141,0.2064
37239680,523.2143,52.42859,0.16800001
37241666,680.3571,373.85718,0.16800001
37242206,181.25,69.57141,0.13440001
37242546,250.89285,44.714355,0.2064
37242751,838.3928,292.4286,0.10560001
37243213,636.6071,342.14282,0.0912
37243931,50.0,230.71436,0.052800003
37244273,937.5,72.14282,0.115200005
37244804,649.1071,368.71436,0.14400001
37245281,966.0714,267.5714,0.0816
37245712,834.8214,77.28577,0.14400001
37245920,243.75,170.71436,0.14400001
37246307,531.25,55.0,0.115200005
37247290,558.9286,401.28577,0.110400006
37247948,402.67856,69.57141,0.2592
37248184,291.0714,55.0,0.2064
37248612,966.0714,287.28577,0.0816
37248873,1023.2143,58.42859,0.0864
37249014,483.0357,295.85718,0.14400001
37249950,1140.1786,280.4286,0.057600003
37250208,580.3571,278.71436,0.14400001
37251040,270.5357,62.714355,0.1488
37252046,725.8928,383.28577,0.110400006
37252794,681.25,59.285767,0.10560001
37253237,1045.5356,54.142822,0.0816
37253890,756.25,61.857178,0.0912
37254039,408.92856,79.0,0.0816
37254863,720.5357,389.28577,0.0912
37255149,189.2857,97.85718,0.17760001
37255863,915.1786,61.857178,0.110400006
37256248,794.6428,296.71436,0.124800004
37256402,561.6071,187.85718,0.2592
37256785,247.32143,170.71436,0.10560001
37257469,650.0,385.85718,0.1296
37258351,83.92857,184.42859,0.13440001
37258526,852.6786,280.4286,0.115200005
37258761,301.7857,169.0,0.110400006
37259041,702.6786,368.71436,0.1392
37259835,663.3928,91.85718,0.2256
37260208,1036.6072,68.714355,0.072000004
37260649,796.4286,76.42859,0.13440001
37262333,297.3214,394.4286,0.1824
37262744,876.7857,394.4286,0.0768
37263132,323.2143,376.4286,0.19680001
37264993,680.3571,373.85718,0.15840001
37266396,983.9286,285.5714,0.0768
37267204,816.9643,57.57141,0.20160002
37267305,216.96428,173.28577,0.18720001
37267698,517.8571,69.57141,0.1824
37268029,679.4643,337.0,0.096
37269480,1140.1786,271.85718,0.072000004
37271309,1152.6786,259.85718,0.0768
37271536,1158.9286,261.5714,0.096
37271695,1158.9286,259.85718,0.10080001
37271990,1163.3928,263.28577,0.0816
37272820,656.25,72.14282,0.23520002
37273204,1048.2142,56.714355,0.115200005
37273720,792.8571,46.42859,0.13440001
37274192,628.5714,343.0,0.1392
37274678,951.7857,275.28577,0.1296
37275047,794.6428,67.85718,0.1296
37275220,229.46428,182.71436,0.17760001
37275404,575.8928,53.285767,0.1632
37277012,664.2857,395.28577,0.24960001
37277385,550.8928,72.14282,0.192
37277662,446.42856,72.14282,0.23520002
37278058,632.1428,55.857178,0.1536
37278662,582.1428,71.28577,0.2064
37279705,1165.1786,271.85718,0.0864
37280211,649.1071,385.85718,0.18720001
37281026,581.25,49.857178,0.2064
37281170,1030.3572,67.0,0.13440001
37281560,650.0,349.85718,0.1296
37281910,466.0714,161.28577,0.0912
37282614,641.9643,55.857178,0.1632
37285319,920.5357,397.85718,0.0864
37286693,571.4286,379.85718,0.1392
37287755,59.821426,244.42859,0.1488
37288393,517.8571,278.71436,0.2544
37288606,1021.4286,64.42859,0.0768
37289250,965.1786,272.71436,0.0816
37289402,280.35715,47.285767,0.1488
37291203,711.6071,381.5714,0.115200005
37291616,229.46428,170.71436,0.052800003
37292125,96.42857,180.14282,0.0864
37292289,915.1786,92.714355,0.20160002
37292638,1079.4642,164.71436,0.062400002
37294491,503.5714,383.28577,0.18720001
37294960,647.3214,69.57141,0.24000001
37295404,1025.0,68.714355,0.0816
37295834,805.3571,73.85718,0.17760001
37295976,423.2143,54.142822,0.1824
37296263,670.5357,391.0,0.1392
37296505,260.7143,171.57141,0.1392
37296712,695.5357,211.85718,0.2256
37297507,905.3571,72.14282,0.110400006
37298133,1164.2856,53.285767,0.0912
37298356,232.14285,177.57141,0.120000005
37298974,722.3214,353.28577,0.17760001
37299292,96.42857,174.14282,0.067200005
37299687,416.9643,81.57141,0.1728
37321375,55.357143,272.71436,0.110400006
37321744,92.85714,173.28577,0.13440001
37322504,627.6786,394.4286,0.1536
37323211,575.8928,169.85718,0.2784
37323402,1081.25,175.0,0.10080001
37323806,1040.1786,70.42859,0.13440001
37324319,956.25,268.4286,0.10080001
37324741,956.25,61.0,0.1296
37325256,808.9286,277.85718,0.1296
37325490,617.8571,168.14282,0.1824
37325713,641.0714,390.14282,0.1536
37327078,1139.2856,271.85718,0.067200005
37327253,1138.3928,271.85718,0.052800003
37328817,1012.5,59.285767,0.0912
37328980,1021.4286,71.28577,0.15840001
37329279,965.1786,289.0,0.120000005
37329686,942.8571,60.142822,0.17760001
37330483,850.0,269.28577,0.115200005
37330648,574.1071,158.71436,0.1392
37330861,733.9286,390.14282,0.096
37331439,1176.7856,76.42859,0.110400006
37331687,276.7857,56.714355,0.15840001
37332030,58.92857,195.57141,0.10560001
37333172,440.17856,286.4286,0.052800003
37333894,282.14285,81.57141,0.1728
37335033,744.6428,383.28577,0.120000005
37335468,535.7143,97.85718,0.192
37335669,750.0,169.85718,0.1392
37335928,908.0357,73.85718,0.14400001
37336095,265.17856,193.85718,0.18720001
37336599,708.0357,367.85718,0.120000005
37337078,955.3571,268.4286,0.0912
37337632,1032.1428,54.142822,0.110400006
37337773,402.67856,73.0,0.18720001
37338109,849.1071,282.14282,0.120000005
37338458,947.3214,57.57141,0.17760001
37338988,801.7857,293.28577,0.0816
37339171,582.1428,178.42859,0.1824
37339538,585.7143,383.28577,0.10560001
37340732,173.21428,74.714355,0.110400006
37341310,497.3214,64.42859,0.2544
37341522,689.2857,183.57141,0.1728
37341820,649.1071,358.4286,0.13440001
37342184,913.3928,48.142822,0.10080001
37342428,525.8928,90.14282,0.23520002
37342685,681.25,373.85718,0.124800004
37343279,715.1786,283.0,0.192
37343659,406.25,91.85718,0.23520002
37343954,939.2857,66.14282,0.1392
37344515,853.5714,276.14282,0.0912
37344704,570.5357,200.71436,0.16800001
37345323,221.42857,163.0,0.10080001
37347703,908.0357,396.14282,0.0816
37349558,1166.9642,266.71436,0.0864
37350191,336.60715,376.4286,0.15840001
37350394,860.7143,387.5714,0.115200005
37351712,611.6071,363.5714,0.192
37353359,1141.9642,265.0,0.0816
37353553,1138.3928,269.28577,0.0816
37354663,925.8928,388.4286,0.0912
37355589,1173.2142,246.14282,0.10560001
37355915,333.92856,379.85718,0.1392
37356396,898.2143,396.14282,0.10560001
37357998,644.6428,387.5714,0.17760001
37359943,63.392857,294.14282,0.1392
37360717,540.1786,67.85718,0.2736
37362100,691.0714,182.71436,0.1536
37362260,303.5714,62.714355,0.16800001
37362511,684.8214,356.71436,0.16800001
37362963,241.96428,184.42859,0.1488
37363219,767.8571,73.0,0.15840001
37363679,802.6786,325.85718,0.124800004
37365918,1141.0714,279.5714,0.057600003
37366731,836.6071,282.14282,0.1536
37367211,634.8214,340.4286,0.17760001
37367944,477.67856,169.85718,0.1728
37368170,1013.3928,46.42859,0.1536
37368321,415.17856,61.857178,0.16800001
37369572,663.3928,377.28577,0.17760001
37370004,224.10715,152.71436,0.14400001
37370359,1061.6072,60.142822,0.13440001
37370724,400.89285,83.28577,0.30240002
37370895,397.3214,95.28577,0.13440001
37371104,1030.3572,69.57141,0.096
37371293,161.60715,56.714355,0.10080001
37372519,641.9643,376.4286,0.15840001
37373004,173.21428,62.714355,0.096
37373171,928.5714,67.85718,0.216
37373542,1094.6428,179.28577,0.072000004
37373735,1098.2142,185.28577,0.0816
37373983,570.5357,382.4286,0.1296
37374289,841.0714,296.71436,0.13440001
37374757,1026.7856,68.714355,0.096
37375024,499.10715,78.14282,0.216
37376446,707.1428,373.0,0.23040001
37376948,205.35715,176.71436,0.1536
37377111,743.75,189.57141,0.22080001
37377702,1046.4286,60.142822,0.1488
37377825,166.07143,77.28577,0.2784
37378797,667.8571,380.71436,0.16800001
37379361,914.2857,62.714355,0.120000005
37379571,502.67856,99.57141,0.2064
37380187,208.0357,163.0,0.120000005
37381302,658.9286,388.4286,0.2256
37381855,698.2143,187.85718,0.2592
37382002,277.67856,62.714355,0.1824
37382310,75.0,193.85718,0.17760001
37382841,345.5357,173.28577,0.192
37384306,888.3928,382.4286,0.1536
37384749,664.2857,378.14282,0.216
37385754,41.071426,282.14282,0.120000005
37386529,580.3571,175.85718,0.2064
37386675,1043.75,64.42859,0.14400001
37387114,561.6071,385.0,0.1728
37387719,700.0,176.71436,0.1296
37389774,282.14285,62.714355,0.1536
37389930,864.2857,275.28577,0.096
37390181,489.2857,291.5714,0.21120001
37390626,290.17856,62.714355,0.115200005
37390912,688.3928,353.28577,0.17760001
37391356,531.25,46.42859,0.18720001
37391524,1030.3572,61.857178,0.1392
37391969,685.7143,378.14282,0.067200005
37393580,741.0714,180.14282,0.14400001
37393721,83.92857,180.14282,0.13440001
37393881,615.1786,259.0,0.2064
37394266,286.60715,61.857178,0.1536
37394640,629.4643,385.0,0.0912
37395873,975.0,285.5714,0.1728
37396387,1041.9642,51.57141,0.15840001
37396554,380.35715,87.57141,0.32160002
37396767,323.2143,60.142822,0.1632
37397373,666.9643,368.71436,0.23040001
37397941,509.8214,95.28577,0.26880002
37398402,99.10714,172.42859,0.26880002
37398517,1100.8928,158.71436,0.26880002
37398919,993.75,175.0,0.1392
37399776,562.5,388.4286,0.192
37400656,1034.8214,61.0,0.10560001
37400952,496.42856,163.85718,0.1488
37401981,498.2143,367.85718,0.1824
37402472,532.1428,104.714355,0.2784
37402660,716.0714,187.85718,0.2544
37402882,343.75,70.42859,0.1392
37403471,238.39285,160.42859,0.10080001
37404040,305.35715,64.42859,0.1632
37404968,717.8571,373.0,0.21120001
37405315,228.57143,170.71436,0.096
37405589,84.82143,173.28577,0.124800004
37405887,341.0714,187.0,0.2736
37406852,686.6071,385.0,0.10080001
37407639,501.7857,76.42859,0.15840001
37407784,735.7143,215.28577,0.18720001
37408181,930.3571,80.714355,0.1632
37408485,819.6428,298.4286,0.1392
37408645,565.1786,192.14282,0.1728
37409273,233.92857,184.42859,0.1296
37411039,894.6428,385.0,0.13440001
37411572,700.0,379.85718,0.15840001
37412664,70.53571,277.0,0.0768
37413283,240.17857,166.42859,0.1824
37413717,1029.4642,66.14282,0.18720001
37414244,958.9286,291.5714,0.0912
37414442,278.5714,78.14282,0.15840001
37414804,700.8928,336.14282,0.10560001
37415541,247.32143,172.42859,0.1296
37415730,719.6428,163.85718,0.13440001
37415920,85.71429,181.0,0.1728
37416213,1126.7856,165.57141,0.0864
37416408,1132.1428,167.28577,0.067200005
37417008,566.9643,388.4286,0.22080001
37417310,715.1786,281.28577,0.124800004
37417609,283.0357,59.285767,0.0816
37418021,668.75,368.71436,0.19680001
37418754,1183.9286,61.857178,0.062400002
37418874,81.25,157.85718,0.062400002
37419320,389.2857,83.28577,0.35040003
37420868,1038.3928,97.85718,0.20160002
37422518,850.0,273.5714,0.096
37422955,1075.0,55.857178,0.10080001
37423480,306.25,99.57141,0.24960001
37423712,317.85715,187.0,0.28320003
37424428,727.6786,374.71436,0.110400006
37424863,109.82143,198.14282,0.1536
37424988,894.6428,284.71436,0.0864
37425182,346.42856,171.57141,0.18720001
37425996,1186.6072,244.42859,0.048
37426215,1181.25,241.85718,0.0864
37426394,1179.4642,242.71436,0.0768
37426571,1180.3572,248.71436,0.072000004
37426789,1175.0,265.85718,0.072000004
37427464,1154.4642,252.14282,0.115200005
37428111,1152.6786,248.71436,0.1296
37428877,1141.9642,249.57141,0.0768
37431318,1141.0714,270.14282,0.10560001
37431826,379.4643,169.0,0.32160002
37432801,1011.6071,100.42859,0.14400001
37433205,816.9643,288.14282,0.22080001
37433412,322.3214,61.857178,0.120000005
37433732,384.8214,179.28577,0.18720001
37434172,716.9643,373.85718,0.1728
37436560,101.78571,195.57141,0.14400001
37436694,849.1071,280.4286,0.0912
37436995,336.60715,179.28577,0.13440001
37437423,691.9643,354.14282,0.1824
37437781,213.39285,156.14282,0.13440001
37438047,1015.1786,62.714355,0.110400006
37438435,897.3214,283.85718,0.120000005
37438605,296.42856,73.0,0.16800001
37439632,722.3214,343.85718,0.14400001
37441360,1172.3214,238.42859,0.096
37441752,1164.2856,274.4286,0.10080001
37441912,1164.2856,266.71436,0.0912
37442996,963.3928,289.85718,0.10080001
37443161,292.85715,60.142822,0.1296
37443474,701.7857,339.5714,0.1488
37444223,1162.5,78.14282,0.10080001
37444703,789.2857,55.857178,0.1392
37445118,843.75,301.0,0.0912
37445546,954.4643,53.285767,0.120000005
37445796,233.0357,177.57141,0.115200005
37445915,732.1428,172.42859,0.1536
37446119,292.85715,94.42859,0.22080001
37446367,294.64285,123.57141,0.0912
37447489,1159.8214,271.85718,0.096
37447755,340.17856,184.42859,0.10560001
37449721,895.5357,379.85718,0.17760001
37451311,550.0,384.14282,0.1728
37452752,34.821426,229.85718,0.110400006
37453495,495.5357,210.14282,0.24960001
37454248,1027.6786,55.857178,0.072000004
37454427,404.4643,71.28577,0.23040001
37455321,542.8571,392.71436,0.22080001
37455806,828.5714,293.28577,0.1632
37455978,279.4643,42.142822,0.14400001
37456434,592.8571,277.0,0.13440001
37456678,281.25,108.14282,0.110400006
37456948,354.4643,91.0,0.16800001
37457718,652.6786,382.4286,0.1392
37457966,163.39285,56.714355,0.124800004
37458215,83.92857,157.0,0.1488
37459134,1174.1072,281.28577,0.0768
37459322,1166.0714,283.85718,0.096
37459470,1175.0,277.85718,0.0768
37459786,1166.9642,275.28577,0.067200005
37460648,1136.6072,249.57141,0.13440001
37461685,280.35715,73.85718,0.1488
37462264,576.7857,290.71436,0.2928
37462762,281.25,78.14282,0.10560001
37463055,358.92856,65.28577,0.2784
37465172,1158.9286,253.85718,0.124800004
37465391,1141.9642,280.4286,0.062400002
37465559,1146.4286,277.0,0.057600003
37466129,1133.0356,260.71436,0.110400006
37466874,283.0357,73.0,0.10560001
37467123,379.4643,94.42859,0.28800002
37468070,661.6071,367.85718,0.32160002
37468791,162.5,92.714355,0.16800001
37469015,109.82143,183.57141,0.120000005
37469262,177.67857,167.28577,0.15840001
37469956,733.0357,399.5714,0.120000005
37470168,62.5,179.28577,0.0912
37470480,703.5714,365.28577,0.19680001
37471405,1158.9286,247.85718,0.120000005
37471604,1146.4286,267.5714,0.10080001
37471765,1150.0,259.85718,0.0768
37472377,1126.7856,267.5714,0.0768
37472588,251.7857,150.14282,0.28320003
37473065,662.5,376.4286,0.115200005
37473584,110.71429,169.0,0.110400006
37474334,219.64285,163.0,0.120000005
37475168,1158.0356,271.0,0.0864
37475374,1150.0,265.0,0.10080001
37476196,101.78571,159.57141,0.096
37476558,675.8928,392.71436,0.1536
37477382,243.75,178.42859,0.1824
37477872,532.1428,97.0,0.2736
37478312,1018.75,74.714355,0.1728
37478496,434.8214,93.57141,0.2256
37478708,739.2857,75.57141,0.0816
37479634,1174.1072,262.4286,0.096
37479967,652.6786,65.28577,0.32160002
37480533,612.5,388.4286,0.1632
37481424,1040.1786,72.14282,0.124800004
37481600,449.10715,168.14282,0.192
37481993,633.0357,379.85718,0.10080001
37482487,990.1786,285.5714,0.10080001
37483037,1039.2856,76.42859,0.15840001
37483205,392.85715,65.28577,0.072000004
37483477,343.75,62.714355,0.120000005
37484381,623.2143,384.14282,0.110400006
37484903,166.07143,75.57141,0.216
37485078,1054.4642,61.857178,0.1392
37485313,296.42856,76.42859,0.1824
37492454,685.7143,386.71436,0.1296
37493739,552.6786,97.0,0.19680001
37494407,724.1071,170.71436,0.192
37494551,76.78571,177.57141,0.0864
37494792,804.4643,265.85718,0.067200005
37496005,650.8928,366.14282,0.24960001
37496546,541.9643,72.14282,0.2976
37496774,717.8571,187.0,0.20160002
37497097,917.8571,92.714355,0.110400006
37497567,271.42856,187.0,0.124800004
37498322,688.3928,372.14282,0.096
37498855,1025.8928,69.57141,0.0864
37499022,508.92856,189.57141,0.19680001
37499370,650.0,391.85718,0.096
37501248,41.071426,263.28577,0.0912
37501883,865.1786,188.71436,0.115200005
37503129,790.1786,68.714355,0.10080001
37503958,1127.6786,168.14282,0.096
37504319,916.9643,93.57141,0.16800001
37504769,282.14285,63.57141,0.2544
37505313,547.3214,83.28577,0.2256
37505905,675.0,385.85718,0.1488
37507548,91.07143,182.71436,0.1392
37507740,832.1428,289.0,0.1488
37507964,354.4643,179.28577,0.18720001
37508221,684.8214,349.0,0.1536
37508891,734.8214,175.85718,0.16800001
37509026,313.39285,85.85718,0.20160002
37509291,374.10715,66.14282,0.216
37509620,667.8571,359.28577,0.17760001
37510156,413.39285,73.85718,0.18720001
37510518,1024.1072,55.0,0.0912
37511659,1166.0714,253.85718,0.192
37511880,1160.7142,247.0,0.124800004
37512093,60.714287,256.4286,0.0816
37513001,442.85715,67.85718,0.1392
37513136,1035.7142,73.0,0.1392
37513501,966.0714,285.5714,0.0864
37513768,283.92856,99.57141,0.15840001
37514431,1049.1072,83.28577,0.1728
37516366,870.5357,390.14282,0.14400001
37549664,57.142857,298.4286,0.10560001
37551307,117.85714,168.14282,0.10560001
37551519,860.7143,274.4286,0.0912
37551800,725.0,83.28577,0.2256
37552184,179.46428,55.0,0.17760001
37552547,93.75,169.85718,0.14400001
37552744,683.0357,60.142822,0.120000005
37554410,316.9643,373.0,0.16800001
37554734,874.1071,389.28577,0.0768
37555279,543.75,370.4286,0.3072
37557022,1150.8928,272.71436,0.0864
37557194,1159.8214,266.71436,0.072000004
37557338,1162.5,273.5714,0.062400002
37562472,1173.2142,289.0,0.062400002
37562698,1175.0,288.14282,0.0768
37562887,1175.8928,286.4286,0.057600003
37563923,666.9643,53.285767,0.23040001
37564487,181.25,73.85718,0.1632
37564759,99.10714,169.85718,0.0912
37564944,666.0714,85.85718,0.264
37565931,348.2143,385.0,0.0864
37566156,895.5357,402.14282,0.0912
37566949,335.7143,379.0,0.1728
37567524,551.7857,399.5714,0.23520002
37567852,1087.5,185.28577,0.15840001
37568301,895.5357,91.85718,0.2736
37568544,961.6071,184.42859,0.10080001
37568670,269.64285,79.0,0.24000001
37569193,895.5357,84.14282,0.21120001
37569307,554.4643,392.71436,0.28320003
37570340,1171.4286,275.28577,0.0912
37570518,1161.6072,277.85718,0.0768
37571402,579.4643,402.14282,0.1392
37572702,53.571426,268.4286,0.0768
37573075,899.1071,73.0,0.2064
37573450,593.75,384.14282,0.3072
37573932,140.17857,67.0,0.1296
37574179,81.25,157.85718,0.0912
37574391,196.42857,167.28577,0.1728
37574670,491.0714,401.28577,0.21120001
37575143,200.89285,183.57141,0.23040001
37575611,91.07143,169.85718,0.120000005
37575773,660.7143,79.85718,0.216
37576044,881.25,83.28577,0.124800004
37576631,815.1786,304.4286,0.15840001
37576811,616.0714,177.57141,0.24000001
37578668,329.4643,391.0,0.17760001
37579151,906.25,395.28577,0.0816
37579477,335.7143,372.14282,0.14400001
37580015,658.0357,373.85718,0.19680001
37580602,235.71428,163.0,0.20160002
37581530,733.0357,179.28577,0.15840001
37582038,440.17856,48.142822,0.26880002
37582140,914.2857,69.57141,0.26880002
37583047,978.5714,283.0,0.062400002
37583643,1162.5,58.42859,0.0912
37584338,633.0357,392.71436,0.13440001
37584773,920.5357,63.57141,0.124800004
37584943,259.8214,189.57141,0.2736
37585171,629.4643,391.0,0.120000005
37586623,536.6071,61.857178,0.24000001
37586960,694.6428,160.42859,0.14400001
37587106,278.5714,42.142822,0.1488
37587359,630.3571,380.71436,0.10560001
37587652,471.42856,193.0,0.17760001
37587902,406.25,66.14282,0.124800004
37588578,756.25,73.85718,0.1488
37588824,899.1071,56.714355,0.1824
37588982,566.0714,65.28577,0.124800004
37589461,650.8928,399.5714,0.1824
37590046,1025.8928,80.714355,0.18720001
37590167,490.17856,180.14282,0.2544
37590394,692.8571,373.0,0.20160002
37590631,567.8571,59.285767,0.0864
37590867,708.9286,162.14282,0.110400006
37591128,334.8214,74.714355,0.16800001
37592293,681.25,379.0,0.10560001
37592876,252.67857,175.85718,0.17760001
37593103,291.0714,77.28577,0.23040001
37593374,108.03571,172.42859,0.110400006
37594047,890.1786,385.0,0.18720001
37594515,609.8214,385.85718,0.24960001
37595346,40.17857,287.28577,0.0816
37595881,667.8571,96.14282,0.20160002
37596256,1033.0356,68.714355,0.072000004
37596692,791.0714,85.85718,0.2592
37597129,583.0357,391.0,0.20160002
37597688,487.5,271.85718,0.1488
37598112,115.17857,174.14282,0.15840001
37598242,846.4286,285.5714,0.10560001
37598506,675.0,386.71436,0.15840001
37599753,720.5357,299.28577,0.13440001
37599898,78.57143,181.0,0.120000005
37600444,403.5714,97.0,0.23040001
37601414,722.3214,283.0,0.124800004
37601579,284.8214,59.285767,0.22080001
37603734,475.89285,294.14282,0.24000001
37604615,787.5,71.28577,0.19680001
37604715,276.7857,65.28577,0.49440002
37605046,675.8928,378.14282,0.1296
37606424,905.3571,75.57141,0.1392
37606616,527.6786,61.0,0.2976
37607915,325.0,378.14282,0.1728
37608248,872.3214,375.5714,0.14400001
37608670,535.7143,380.71436,0.18720001
37610695,274.10715,386.71436,0.1536
37611559,724.1071,285.5714,0.3264
37611859,1017.8571,78.14282,0.115200005
37612322,908.0357,64.42859,0.096
37613173,1128.5714,163.0,0.0768
37613464,590.1786,400.4286,0.115200005
37613693,911.6071,74.714355,0.1824
37613966,506.25,107.28577,0.1536
37615751,335.7143,370.4286,0.110400006
37616168,895.5357,381.5714,0.1392
37616621,557.1428,373.85718,0.2592
37617826,355.35715,387.5714,0.22080001
37618452,710.7143,295.0,0.24000001
37618843,418.75,73.85718,0.2064
37619084,1035.7142,74.714355,0.0912
37619367,913.3928,71.28577,0.0912
37619802,1041.9642,176.71436,0.062400002
37620781,577.6786,379.0,0.16800001
37621113,909.8214,62.714355,0.096
37621328,532.1428,81.57141,0.2736
37622996,342.85715,398.71436,0.0912
37623376,876.7857,392.71436,0.10080001
37624943,311.60715,359.28577,0.20160002
37625857,583.9286,367.0,0.28800002
37627207,733.0357,279.5714,0.16800001
37627320,59.821426,163.85718,0.110400006
37627606,973.2143,169.0,0.110400006
37627905,283.0357,71.28577,0.264
37628557,680.3571,380.71436,0.16800001
37628961,933.0357,67.85718,0.14400001
37629226,535.7143,65.28577,0.216
37629393,723.2143,180.14282,0.15840001
37630362,1161.6072,273.5714,0.0768
37631296,569.6428,397.85718,0.2064
37632312,1155.3572,279.5714,0.10560001
37632752,308.92856,381.5714,0.13440001
37633074,895.5357,391.0,0.1632
37634161,641.0714,373.85718,0.14400001
37634561,323.2143,389.28577,0.10560001
37636340,183.0357,180.14282,0.1632
37636587,117.85714,207.57141,0.16800001
37638206,777.6786,103.85718,0.264
37638421,500.89285,98.714355,0.17760001
37638840,293.75,68.714355,0.120000005
37639513,578.5714,376.4286,0.24960001
37640130,900.0,66.14282,0.115200005
37640293,507.14285,49.0,0.24960001
37643285,899.1071,392.71436,0.1392
37643569,574.1071,385.85718,0.2736
37644553,100.89285,344.71436,0.1392
37647681,27.678572,271.85718,0.062400002
37648402,538.3928,79.0,0.22080001
37648591,733.9286,181.85718,0.17760001
37648852,332.14285,93.57141,0.23040001
37649644,398.2143,85.85718,0.23520002
37649877,286.60715,91.0,0.2592
37651905,355.35715,377.28577,0.26880002
37653976,453.5714,278.71436,0.2544
37654373,372.3214,361.0,0.2256
37656714,198.21428,180.14282,0.124800004
37657896,571.4286,392.71436,0.14400001
37659067,1149.1072,273.5714,0.115200005
37659266,1148.2142,281.28577,0.10080001
37659425,1153.5714,274.4286,0.0768
37660923,8.035714,267.5714,0.052800003
37661519,521.4286,68.714355,0.15840001
37661843,735.7143,171.57141,0.1728
37662349,303.5714,109.0,0.20160002
37662621,385.7143,101.28577,0.15840001
37662898,309.8214,91.85718,0.3264
37664070,327.67856,365.28577,0.216
37665009,481.25,283.85718,0.1392
37678308,303.5714,360.14282,0.23520002
37679344,25.0,278.71436,0.067200005
37680315,530.3571,63.57141,0.22080001
37680692,701.7857,121.0,0.1392
37680995,276.7857,92.714355,0.2592
37681257,388.39285,105.57141,0.3264
37681538,287.5,77.28577,0.16800001
37682231,1156.25,272.71436,0.0864
37682422,1152.6786,279.5714,0.0768
37683135,1160.7142,258.14282,0.124800004
37683552,1163.3928,263.28577,0.10560001
37685202,702.6786,180.14282,0.18720001
37685447,275.89285,75.57141,0.1392
37685835,407.14285,102.14282,0.120000005
37686126,302.67856,93.57141,0.2784
37689990,233.92857,167.28577,0.120000005
37690375,672.3214,378.14282,0.23520002
37691826,217.85715,156.14282,0.1824
37691954,715.1786,181.85718,0.24480002
37692385,437.5,69.57141,0.192
37692550,910.7143,70.42859,0.124800004
37693357,970.5357,301.0,0.120000005
37693799,1153.5714,62.714355,0.10080001
37696406,306.25,390.14282,0.115200005
37698360,794.6428,182.71436,0.1824
37701647,1178.5714,270.14282,0.067200005
37701898,1179.4642,263.28577,0.0768
37702100,1182.1428,257.28577,0.057600003
37703431,796.4286,199.0,0.1824
37716337,318.75,391.85718,0.22080001
37718790,225.89285,181.85718,0.1536
37718933,733.0357,205.0,0.16800001
37719523,392.85715,70.42859,0.13440001
37719672,916.0714,61.0,0.0912
37720068,911.6071,301.85718,0.16800001
37721888,1186.6072,61.857178,0.057600003
37724091,333.0357,380.71436,0.21120001
37725064,334.8214,388.4286,0.1536
37726009,976.7857,170.71436,0.1536
37726180,96.42857,205.0,0.24480002
37727895,710.7143,296.71436,0.2544
37728348,1050.0,66.14282,0.14400001
37729587,741.0714,291.5714,0.21120001
37729876,261.60715,163.0,0.264
37732636,1163.3928,260.71436,0.0864
37733764,235.71428,170.71436,0.13440001
37734310,278.5714,388.4286,0.13440001
37735565,908.0357,384.14282,0.1536
37735998,578.5714,383.28577,0.124800004
37737824,292.85715,361.85718,0.26880002
37738635,215.17857,168.14282,0.23040001
37738796,745.5357,166.42859,0.2256
37739349,401.7857,62.714355,0.110400006
37739491,902.6786,76.42859,0.1632
37740180,975.8928,277.0,0.096
37740683,1181.25,66.14282,0.062400002
37746780,691.9643,372.14282,0.1296
37747348,501.7857,269.28577,0.1632
37747659,401.7857,61.857178,0.21120001
37749556,291.0714,67.0,0.15840001
37749732,1034.8214,69.57141,0.14400001
37749972,1062.5,174.14282,0.0816
37750222,245.5357,70.42859,0.17760001
37751792,290.17856,379.85718,0.1488
37752142,897.3214,375.5714,0.15840001
37752511,322.3214,376.4286,0.110400006
37754317,662.5,359.28577,0.2064
37754846,221.42857,173.28577,0.1296
37755034,727.6786,181.0,0.20160002
37755474,410.7143,66.14282,0.21120001
37755640,915.1786,70.42859,0.2256
37756237,966.9643,289.85718,0.120000005
37756750,1158.0356,73.0,0.10560001
37757703,662.5,371.28577,0.264
37758386,599.1071,184.42859,0.24960001
37758543,792.8571,82.42859,0.26880002
37759654,989.2857,275.28577,0.10560001
37760122,720.5357,285.5714,0.1488
37760471,1086.6072,71.28577,0.115200005
37761660,1182.1428,261.5714,0.072000004
37762494,1028.5714,80.714355,0.1392
37764294,913.3928,362.71436,0.120000005
37765799,646.4286,357.5714,0.24000001
37766843,58.035713,277.0,0.072000004
37767702,1182.1428,68.714355,0.057600003
37768466,95.53571,182.71436,0.19680001
37768585,838.3928,280.4286,0.18720001
37769108,633.0357,399.5714,0.124800004
37770247,468.75,183.57141,0.26880002
37770588,402.67856,59.285767,0.15840001
37770783,912.5,85.85718,0.216
37771057,265.17856,70.42859,0.2064
37771331,303.5714,169.0,0.115200005
37773097,900.8928,390.14282,0.096
37774285,1152.6786,263.28577,0.10560001
37776114,876.7857,387.5714,0.1392
37779517,1149.1072,278.71436,0.072000004
37779841,320.5357,377.28577,0.26880002
37780755,346.42856,386.71436,0.124800004
37781958,333.0357,379.85718,0.2256
37782474,891.0714,385.85718,0.19680001
37783276,322.3214,368.71436,0.21120001
37784524,685.7143,379.0,0.13440001
37784938,350.89285,181.85718,0.23520002
37785276,302.67856,73.85718,0.24480002
37785480,277.67856,63.57141,0.20160002
37785612,1142.8572,63.57141,0.124800004
37786115,633.0357,345.5714,0.1632
37786599,463.39285,181.85718,0.10080001
37786949,444.64285,68.714355,0.1824
37787303,931.25,69.57141,0.1632
37787506,287.5,96.14282,0.16800001
37787705,327.67856,131.28577,0.20160002
37789771,337.5,394.4286,0.0768
37791058,910.7143,383.28577,0.0768
37791523,333.0357,367.0,0.1632
37792166,669.6428,370.4286,0.120000005
37793547,225.0,177.57141,0.1728
37794289,517.8571,96.14282,0.22080001
37794843,409.8214,79.0,0.216
37796879,178.57143,372.14282,0.10080001
37800562,325.89285,370.4286,0.2256
37801253,797.3214,183.57141,0.192
37803732,325.0,361.0,0.2928
37804414,453.5714,184.42859,0.124800004
37804946,390.17856,51.57141,0.23040001
37805511,909.8214,64.42859,0.0912
37806094,307.14285,99.57141,0.2592
37806347,332.14285,175.0,0.14400001
37807808,877.6786,377.28577,0.18720001
37815049,841.9643,293.28577,0.16800001
37815713,1033.0356,80.714355,0.124800004
37815825,525.0,64.42859,0.20160002
37816088,365.17856,64.42859,0.18720001
37817365,1142.8572,284.71436,0.062400002
37817629,283.92856,58.42859,0.18720001
37818113,1176.7856,87.57141,0.13440001
37818701,366.0714,164.71436,0.10080001
37820677,584.8214,385.0,0.124800004
37821311,1028.5714,65.28577,0.120000005
37821685,820.5357,310.4286,0.22080001
37822054,1100.8928,173.28577,0.0864
37822569,905.3571,93.57141,0.26880002
37823130,821.4286,305.28577,0.23520002
37823291,276.7857,79.85718,0.23520002
37824855,1148.2142,386.71436,0.062400002
37838804,911.6071,63.57141,0.110400006
37842011,1141.0714,258.14282,0.1392
37842528,934.8214,79.85718,0.120000005
37844220,1150.0,251.28577,0.15840001
37846202,903.5714,76.42859,0.21120001
37849492,1137.5,271.0,0.0816
37850805,42.857143,277.85718,0.16800001
37852357,88.39285,248.71436,0.32160002
37852941,901.7857,73.85718,0.24000001
37854218,533.9286,379.85718,0.1536
37855002,104.46429,175.0,0.2064
37855159,929.4643,286.4286,0.13440001
37855627,675.0,379.85718,0.16800001
37856473,516.0714,84.14282,0.2256
37856890,225.0,78.14282,0.13440001
37857112,266.0714,177.57141,0.14400001
37857671,542.8571,107.28577,0.2976
37861748,1173.2142,286.4286,0.062400002
37861961,1172.3214,281.28577,0.052800003
37862162,1157.1428,272.71436,0.0864
37862984,283.0357,67.85718,0.264
37863204,229.46428,155.28577,0.22080001
37863770,530.3571,62.714355,0.28320003
37864046,929.4643,61.0,0.1392
37864490,816.9643,297.5714,0.1536
37864622,598.2143,192.14282,0.21120001
37864962,701.7857,391.0,0.115200005
37865279,510.7143,59.285767,0.1296
37865476,700.8928,191.28577,0.216
37865681,350.89285,72.14282,0.192
37866002,666.9643,357.5714,0.17760001
37867345,973.2143,175.0,0.10560001
37868457,287.5,57.57141,0.1536
37868584,658.9286,81.57141,0.35520002
37869609,733.9286,286.4286,0.115200005
37870010,1043.75,66.14282,0.0864
37870432,95.53571,211.85718,0.124800004
37871030,383.92856,71.28577,0.2592
37871255,342.85715,181.85718,0.16800001
37873858,321.42856,378.14282,0.120000005
37874851,779.4643,187.0,0.1824
37877105,319.64285,392.71436,0.2928
37877901,530.3571,71.28577,0.0912
37878117,700.0,173.28577,0.1488
37878458,955.3571,49.857178,0.23040001
37878922,831.25,288.14282,0.17760001
37879074,588.3928,175.85718,0.31680003
37880540,666.9643,376.4286,0.17760001
37881745,305.35715,377.28577,0.26880002
37882824,339.2857,399.5714,0.2976
37883718,206.25,162.14282,0.264
37883854,1024.1072,84.14282,0.264
37884306,952.6786,294.14282,0.1824
37884458,287.5,73.0,0.1728
37885122,545.5357,62.714355,0.17760001
37885310,902.6786,90.14282,0.192
37885665,945.5357,312.14282,0.1632
37885819,275.0,109.0,0.1296
37886077,219.64285,167.28577,0.14400001
37887066,640.1786,384.14282,0.23040001
37887625,928.5714,88.42859,0.23040001
37887789,517.8571,50.714355,0.22080001
37888066,656.25,374.71436,0.17760001
37888622,141.96428,83.28577,0.22080001
37888731,1029.4642,69.57141,0.14400001
37889121,394.64285,61.857178,0.1392
37889293,933.9286,164.71436,0.1488
37889521,253.57143,175.85718,0.24000001
37891009,882.1428,384.14282,0.10560001
37892753,542.8571,379.85718,0.24480002
37893304,72.32143,172.42859,0.10560001
37893490,836.6071,283.0,0.1488
37893781,333.0357,174.14282,0.2064
37894561,331.25,385.85718,0.20160002
37896132,19.642857,182.71436,0.062400002
37897123,149.10715,169.0,0.10080001
37898044,295.5357,184.42859,0.264
37898446,446.42856,180.14282,0.2064
37898915,516.0714,185.28577,0.2736
37899842,660.7143,191.28577,0.28320003
37900324,791.0714,185.28577,0.1296
37901480,920.5357,175.0,0.110400006
37902473,1026.7856,175.85718,0.0864
37902860,1141.9642,178.42859,0.0768
37904111,209.82143,275.28577,0.20160002
37904665,326.7857,267.5714,0.115200005
37905644,471.42856,278.71436,0.1536
37907303,591.0714,275.28577,0.1536
37907682,732.1428,293.28577,0.120000005
37908699,859.8214,280.4286,0.115200005
37908963,969.6428,285.5714,0.10560001
37913155,641.9643,378.14282,0.1296
37913884,318.75,379.85718,0.15840001
37914726,84.82143,174.14282,0.13440001
37914869,849.1071,266.71436,0.110400006
37915123,359.8214,169.0,0.24480002
37915309,678.5714,367.0,0.120000005
37915737,226.7857,200.71436,0.2256
37915845,1018.75,61.857178,0.21120001
37916213,936.6071,281.28577,0.0912
37916366,305.35715,63.57141,0.192
37916856,535.7143,75.57141,0.36960003
37917020,911.6071,67.0,0.15840001
37917400,940.1786,276.14282,0.096
37917857,286.60715,75.57141,0.16800001
37918155,238.39285,151.0,0.24480002
37918934,678.5714,373.0,0.1536
37919453,914.2857,72.14282,0.1824
37919631,518.75,85.85718,0.2544
37919896,635.7143,385.85718,0.1392
37920170,332.14285,193.85718,0.120000005
37920379,1025.8928,75.57141,0.110400006
37920592,291.0714,91.85718,0.1632
37920844,233.0357,162.14282,0.15840001
37921470,829.4643,283.85718,0.24960001
37921896,529.4643,65.28577,0.312
37924130,336.60715,379.0,0.14400001
37925559,468.75,281.28577,0.120000005
37928332,1149.1072,259.0,0.115200005
37928767,287.5,377.28577,0.124800004
37929936,233.0357,173.28577,0.2736
37930024,1028.5714,65.28577,0.2736
37930403,961.6071,283.85718,0.115200005
37930542,305.35715,67.0,0.24960001
37931137,533.0357,65.28577,0.17760001
37931304,901.7857,59.285767,0.1632
37931630,952.6786,283.85718,0.1392
37931775,234.82143,97.85718,0.19680001
37933740,325.89285,394.4286,0.216
37934741,1032.1428,194.71436,0.1296
37936176,1143.75,151.85718,0.096
37937082,689.2857,382.4286,0.14400001
37938503,322.3214,381.5714,0.2256
37939139,933.9286,77.28577,0.22080001
37939287,208.92857,175.85718,0.1632
37939734,700.8928,379.85718,0.15840001
37940074,864.2857,276.14282,0.096
37940455,1076.7856,80.714355,0.124800004
37940716,540.1786,55.857178,0.2544
37940999,633.9286,379.85718,0.13440001
37941534,391.0714,51.57141,0.13440001
37941694,935.7143,61.0,0.192
37942027,569.6428,178.42859,0.1632
37942276,695.5357,206.71436,0.124800004
37942488,542.8571,91.0,0.30240002
37943370,342.85715,396.14282,0.1296
37944882,620.5357,288.14282,0.1536
37946394,687.5,382.4286,0.096
37948010,331.25,382.4286,0.1728
37948793,534.8214,76.42859,0.1824
37949469,1147.3214,231.57141,0.0768
37950245,745.5357,187.85718,0.1632
37950450,257.14285,62.714355,0.1488
37951029,401.7857,92.714355,0.15840001
37951502,321.42856,104.714355,0.124800004
37956842,904.4643,379.85718,0.16800001
37957020,901.7857,379.0,0.1488
37957324,875.0,385.85718,0.0864
37957884,892.8571,63.57141,0.14400001
37959114,1150.0,265.0,0.0864
37959552,566.0714,388.4286,0.19680001
37959744,914.2857,63.57141,0.2064
37959885,544.6428,399.5714,0.2784
37961941,347.3214,171.57141,0.1296
37962114,1035.7142,53.285767,0.124800004
37962485,838.3928,280.4286,0.096
37962686,532.1428,37.0,0.312
37962981,690.1786,333.5714,0.124800004
37963497,533.0357,46.42859,0.24480002
37963615,721.4286,153.57141,0.24480002
37963919,933.9286,59.285767,0.21120001
37964379,889.2857,266.71436,0.120000005
37964601,1031.25,170.71436,0.0816
37964868,556.25,401.28577,0.21120001
37965095,941.0714,61.0,0.1392
37965271,524.1071,399.5714,0.124800004
37966683,1162.5,268.4286,0.0912
37966837,1161.6072,259.0,0.0768
37967221,1160.7142,253.0,0.115200005
37967438,1166.9642,253.85718,0.096
37968137,984.8214,173.28577,0.10560001
37968414,599.1071,374.71436,0.2592
37968774,918.75,57.57141,0.10560001
37969046,558.0357,365.28577,0.3312
37969745,1110.7142,175.85718,0.10560001
37970206,933.0357,75.57141,0.1296
37970436,1015.1786,168.14282,0.115200005
37970554,282.14285,65.28577,0.115200005
37971058,653.5714,342.14282,0.15840001
37971692,958.9286,75.57141,0.16800001
37971920,520.5357,52.42859,0.28320003
37973273,342.85715,373.0,0.1296
37975667,935.7143,165.57141,0.18720001
37981963,686.6071,395.28577,0.1632
37983763,345.5357,379.0,0.24000001
37984845,917.8571,77.28577,0.2544
37985023,479.4643,166.42859,0.2544
37985601,533.0357,401.28577,0.312
37985960,885.7143,76.42859,0.20160002
37986508,963.3928,283.85718,0.10560001
37986773,525.0,393.5714,0.18720001
37987233,520.5357,73.85718,0.23040001
37987454,678.5714,57.57141,0.20160002
37987841,1153.5714,73.0,0.067200005
37988250,909.8214,70.42859,0.14400001
37988688,797.3214,301.0,0.17760001
37988841,578.5714,179.28577,0.110400006
37991405,340.17856,388.4286,0.124800004
37992642,352.67856,278.71436,0.20160002
37994489,341.0714,397.0,0.0768
37997062,126.78571,206.71436,0.192
37997200,837.5,286.4286,0.2064
37997453,343.75,187.85718,0.22080001
37997822,533.9286,367.85718,0.2736
37998474,922.3214,71.28577,0.1392
37999208,1140.1786,64.42859,0.28320003
38000537,1161.6072,279.5714,0.10080001
38000894,576.7857,386.71436,0.15840001
38001098,1156.25,58.42859,0.1392
38001579,766.9643,91.85718,0.26880002
38001763,516.9643,59.285767,0.1824
38002216,961.6071,61.0,0.15840001
38002655,854.4643,283.85718,0.13440001
38002821,573.2143,397.85718,0.3792
38131839,912.5,73.85718,0.1488
38132625,579.4643,373.85718,0.26880002
38133220,186.60715,65.28577,0.1824
38133524,79.46429,145.0,0.2592
38133655,850.0,280.4286,0.1728
38133904,504.4643,82.42859,0.3312
38134425,683.9286,367.0,0.1488
38134860,543.75,76.42859,0.3792
38134987,998.2143,73.0,0.24000001
38135334,689.2857,374.71436,0.120000005
38135686,979.4643,191.28577,0.10560001
38136034,864.2857,259.85718,0.10080001
38136324,1021.4286,63.57141,0.120000005
38136420,183.92857,43.0,0.24960001
38136697,675.8928,346.4286,0.15840001
38137029,948.2143,64.42859,0.1536
38137176,502.67856,188.71436,0.16800001
38137435,679.4643,374.71436,0.1392
38137780,531.25,103.85718,0.1728
38138003,679.4643,163.0,0.120000005
38138249,904.4643,71.28577,0.1392
38138452,278.5714,169.0,0.115200005
38138667,666.9643,373.85718,0.120000005
38139208,201.7857,73.85718,0.13440001
38139347,1011.6071,53.285767,0.1536
38139635,381.25,67.85718,0.28800002
38139740,958.0357,151.0,0.16800001
38139961,282.14285,167.28577,0.10080001
38141085,640.1786,372.14282,0.18720001
38141286,108.92857,183.57141,0.10080001
38141877,500.89285,182.71436,0.23520002
38142343,561.6071,67.85718,0.2592
38142789,301.7857,61.857178,0.14400001
38143023,390.17856,71.28577,0.1728
38143252,650.0,387.5714,0.1632
38143686,949.1071,56.714355,0.13440001
38144022,630.3571,350.71436,0.1296
38144396,741.0714,121.85718,0.1632
38144653,883.0357,43.0,0.16800001
38144962,537.5,56.714355,0.057600003
38145770,1136.6072,265.85718,0.0912
38145954,1133.9286,260.71436,0.0768
38146531,1098.2142,274.4286,0.067200005
38146806,1128.5714,270.14282,0.072000004
38147469,693.75,163.0,0.15840001
38147906,911.6071,63.57141,0.17760001
38148127,542.8571,76.42859,0.26880002
38149515,657.1428,383.28577,0.23040001
38150562,1155.3572,259.85718,0.0768
38155711,311.60715,386.71436,0.3312
38156690,347.3214,271.85718,0.34080002
38158445,568.75,366.14282,0.3264
38160258,340.17856,379.85718,0.1632
38162094,473.2143,192.14282,0.22080001
38162458,1018.75,46.42859,0.0816
38162636,406.25,60.142822,0.14400001
38163556,830.3571,278.71436,0.120000005
38164012,1020.5357,53.285767,0.10560001
38164205,550.0,76.42859,0.31680003
38165008,675.0,359.28577,0.20160002
38165409,962.5,49.857178,0.120000005
38165962,633.0357,385.0,0.1296
38166341,354.4643,160.42859,0.192
38166820,680.3571,367.0,0.1392
38167188,817.8571,259.85718,0.1488
38167724,1031.25,64.42859,0.120000005
38167968,538.3928,44.714355,0.1728
38168261,661.6071,367.0,0.20160002
38169032,1008.0357,165.57141,0.0768
38169494,845.5357,283.85718,0.192
38169953,1016.9643,53.285767,0.0816
38170121,164.2857,61.857178,0.16800001
38170394,674.1071,353.28577,0.14400001
38171270,1013.3928,72.14282,0.19680001
38171469,497.3214,172.42859,0.18720001
38171748,635.7143,377.28577,0.15840001
38172139,460.7143,181.85718,0.23040001
38172800,98.21429,175.85718,0.115200005
38172969,917.8571,67.85718,0.124800004
38173290,396.42856,49.0,0.28320003
38173576,637.5,376.4286,0.1728
38174097,434.8214,59.285767,0.17760001
38174250,1037.5,50.714355,0.1296
38174942,959.8214,272.71436,0.096
38175269,298.2143,72.14282,0.1632
38175609,1013.3928,71.28577,0.1824
38177733,312.5,377.28577,0.2064
38178633,789.2857,168.14282,0.1632
38179662,640.1786,382.4286,0.115200005
38180614,325.0,374.71436,0.18720001
38181347,102.67857,180.14282,0.1392
38181467,838.3928,271.0,0.432
38181930,368.75,186.14282,0.20160002
38182193,675.8928,349.0,0.1488
38182646,466.9643,179.28577,0.0816
38182847,1010.7143,54.142822,0.115200005
38183099,426.7857,38.714355,0.20160002
38184402,689.2857,324.14282,0.110400006
38184992,168.75,59.285767,0.21120001
38185322,720.5357,186.14282,0.2976
38185518,114.28571,172.42859,0.10560001
38185685,529.4643,75.57141,0.216
38186052,625.8928,362.71436,0.1536
38186577,916.9643,73.0,0.120000005
38186970,680.3571,382.4286,0.10560001
38187433,341.9643,159.57141,0.15840001
38187981,688.3928,373.0,0.13440001
38188622,855.3571,283.0,0.0816
38190253,1033.0356,69.57141,0.062400002
38190438,525.8928,71.28577,0.21120001
38190887,641.9643,377.28577,0.16800001
38191135,223.21428,180.14282,0.10080001
38191611,299.10715,75.57141,0.2256
38191777,313.39285,79.0,0.15840001
38193483,676.7857,379.0,0.115200005
38194074,1158.0356,69.57141,0.0864
38196462,341.9643,361.85718,0.18720001
38197469,656.25,177.57141,0.22080001
38198662,561.6071,396.14282,0.1392
38200852,343.75,386.71436,0.067200005
38201796,461.60715,280.4286,0.10560001
38202633,333.0357,357.5714,0.13440001
38205294,465.17856,270.14282,0.14400001
38207153,331.25,379.0,0.067200005
38208333,550.0,374.71436,0.20160002
38208706,467.85715,295.85718,0.1296
38209114,975.0,95.28577,0.1632
38209258,405.35715,211.85718,0.2256
38209407,863.3928,235.0,0.1392
38209996,300.89285,364.4286,0.192
38211379,466.9643,289.85718,0.19680001
38212936,566.0714,390.14282,0.1296
38293583,1153.5714,355.0,0.216
38295314,1086.6072,370.4286,0.1392
38297274,403.5714,63.57141,0.110400006
38297388,1029.4642,67.0,0.110400006
38298048,956.25,280.4286,0.1296
38298392,295.5357,63.57141,0.096
38298971,1012.5,63.57141,0.110400006
38299301,612.5,378.14282,0.2256
38299781,123.21429,175.85718,0.0816
38299910,838.3928,276.14282,0.0816
38300149,304.4643,163.0,0.1296
38301226,514.2857,388.4286,0.096
38302108,824.1071,211.85718,0.23040001
38302408,814.2857,65.28577,0.23520002
38303009,1109.8214,150.14282,0.0912
38303467,908.9286,94.42859,0.120000005
38303836,276.7857,59.285767,0.10560001
38304306,518.75,90.14282,0.24480002
38305044,1135.7142,378.14282,0.10560001
38309683,736.6071,191.28577,0.20160002
38310886,129.46428,189.57141,0.1536
38311000,972.3214,275.28577,0.1392
38311297,1131.25,170.71436,0.062400002
38311557,328.5714,102.14282,0.216
38312025,515.1786,67.0,0.1632
38317295,688.3928,372.14282,0.1632
38317690,551.7857,79.85718,0.15840001
38317864,1025.0,54.142822,0.59040004
38318367,666.0714,385.85718,0.15840001
38318737,743.75,280.4286,0.0912
38318940,292.85715,55.0,0.19680001
38319124,679.4643,360.14282,0.14400001
38425680,347.3214,395.28577,0.124800004
38427657,349.10715,369.5714,0.10560001
38486040,1149.1072,287.28577,0.10560001
38486258,1156.25,264.14282,0.096
38486445,1159.8214,276.14282,0.096
38486630,1157.1428,284.71436,0.0768
38487172,1179.4642,268.4286,0.067200005
38495085,1126.7856,270.14282,0.124800004
38503135,1081.25,380.71436,0.0816
38503296,1084.8214,373.0,0.10080001
38505179,520.5357,63.57141,0.1536
38505318,1023.2143,60.142822,0.216
38505971,686.6071,366.14282,0.16800001
38506357,753.5714,259.0,0.1488
38506553,300.0,55.857178,0.17760001
38506703,691.0714,365.28577,0.124800004
38507256,1021.4286,67.0,0.1392
38507463,421.42856,71.28577,0.24480002
38507810,686.6071,371.28577,0.13440001
38508382,840.1786,279.5714,0.0912
38508788,1030.3572,59.285767,0.1296
38508968,545.5357,77.28577,0.3072
38509165,689.2857,375.5714,0.120000005
38509409,541.9643,65.28577,0.19680001
38509678,1040.1786,68.714355,0.10560001
38510082,671.4286,385.85718,0.15840001
38510305,730.3571,267.5714,0.20160002
38510490,291.9643,63.57141,0.120000005
38510728,649.1071,385.85718,0.10080001
38512207,541.9643,79.0,0.21120001
38512386,742.8571,168.14282,0.10080001
38512762,88.39285,190.42859,0.1392
38512899,551.7857,57.57141,0.2064
38513537,564.2857,387.5714,0.1632
38513850,904.4643,65.28577,0.10080001
38513998,241.96428,170.71436,0.096
38514441,625.8928,373.85718,0.110400006
38514730,516.9643,95.28577,0.23520002
38514948,675.8928,163.85718,0.124800004
38515128,298.2143,70.42859,0.16800001
38515344,666.9643,357.5714,0.1632
38516641,46.42857,66.14282,0.120000005
38516782,793.75,59.285767,0.1488
38517055,279.4643,68.714355,0.2064
38517273,231.25,155.28577,0.18720001
38517825,517.8571,70.42859,0.23040001
38517974,905.3571,75.57141,0.115200005
38518233,1008.0357,50.714355,0.115200005
38518882,817.8571,288.14282,0.17760001
38521163,1109.8214,370.4286,0.13440001
38523492,181.25,64.42859,0.120000005
38523651,707.1428,181.85718,0.2256
38523881,294.64285,69.57141,0.28320003
38524526,531.25,62.714355,0.1824
38524670,697.3214,181.0,0.1488
38524944,283.0357,96.14282,0.19680001
38525235,390.17856,81.57141,0.32160002
38527179,704.4643,373.0,0.115200005
38527888,528.5714,69.57141,0.216
38528069,936.6071,66.14282,0.17760001
38528342,247.32143,170.71436,0.23520002
38528787,635.7143,394.4286,0.10080001
38529667,858.9286,267.5714,0.1296
38530051,1050.8928,57.57141,0.14400001
38530699,693.75,288.14282,0.264
38531285,1092.8572,163.0,0.0816
38531954,271.42856,80.714355,0.1824
38532192,401.7857,90.14282,0.28320003
38533699,576.7857,391.85718,0.14400001
38533929,926.7857,58.42859,0.13440001
38536412,876.7857,278.71436,0.1296
38537091,559.8214,393.5714,0.0912
38538081,528.5714,19.857178,0.2928
38538254,716.9643,164.71436,0.1392
38538485,263.39285,45.57141,0.1392
38538736,714.2857,361.85718,0.1824
38539102,977.6786,270.14282,0.10080001
38539452,912.5,73.85718,0.16800001
38539800,808.0357,296.71436,0.1536
38539946,351.7857,175.0,0.2256
38540207,722.3214,382.4286,0.14400001
38541726,534.8214,53.285767,0.23520002
38541877,1025.0,65.28577,0.124800004
38542335,666.0714,392.71436,0.1392
38542787,213.39285,170.71436,0.124800004
38542958,765.1786,71.28577,0.18720001
38543389,475.89285,176.71436,0.21120001
38543598,456.25,180.14282,0.192
38543952,289.2857,67.0,0.1296
38544207,374.10715,78.14282,0.2928
38545997,1100.8928,366.14282,0.110400006
38548382,516.9643,56.714355,0.15840001
38548886,693.75,124.42859,0.18720001
38549068,276.7857,56.714355,0.14400001
38549303,682.1428,331.0,0.110400006
38549929,209.82143,166.42859,0.0768
38550134,1103.5714,166.42859,0.120000005
38550575,925.0,61.857178,0.120000005
38551184,844.6428,293.28577,0.1536
38551464,589.2857,202.42859,0.34080002
38552114,232.14285,170.71436,0.0864
38553105,685.7143,379.85718,0.124800004
38553996,73.21429,191.28577,0.124800004
38554477,343.75,182.71436,0.096
38555032,726.7857,377.28577,0.16800001
38555517,98.21429,179.28577,0.1296
38556137,385.7143,80.714355,0.33600003
38556309,389.2857,96.14282,0.2544
38556484,1041.0714,73.0,0.0864
38556735,156.25,63.57141,0.110400006
38557215,228.57143,174.14282,0.0816
38559038,724.1071,375.5714,0.20160002
38560320,1036.6072,74.714355,0.110400006
38560495,484.8214,169.85718,0.1296
38560802,658.9286,366.14282,0.15840001
38561383,1028.5714,77.28577,0.110400006
38561825,795.5357,101.28577,0.10080001
38562061,525.0,67.0,0.2544
38562563,396.42856,78.14282,0.1728
38564126,70.53571,179.28577,0.0864
38564809,555.3571,173.28577,0.17760001
38565368,282.14285,73.85718,0.18720001
38565558,1035.7142,62.714355,0.1296
38566020,788.3928,66.14282,0.264
38566309,241.96428,181.0,0.16800001
38567342,683.9286,373.0,0.15840001
38567857,482.14285,179.28577,0.21120001
38568212,431.25,81.57141,0.2736
38568689,541.0714,69.57141,0.24480002
38568928,800.8928,77.28577,0.15840001
38569576,850.8928,283.85718,0.0912
38570085,266.0714,77.28577,0.1632
38571895,1139.2856,259.85718,0.115200005
38573429,281.25,90.14282,0.23520002
38574246,1133.9286,388.4286,0.0816
38576434,1039.2856,67.0,0.10560001
38576624,436.60715,62.714355,0.1392
38579358,644.6428,371.28577,0.1488
38579855,553.5714,82.42859,0.24480002
38579977,1033.9286,46.42859,0.17760001
38580450,683.0357,373.85718,0.120000005
38582339,526.7857,75.57141,0.20160002
38582906,89.28571,195.57141,0.19680001
38583061,975.0,169.0,0.1728
38583313,277.67856,86.714355,0.24000001
38583990,83.03571,180.14282,0.120000005
38585101,1157.1428,263.28577,0.096
38585898,665.1786,393.5714,0.10080001
38586626,98.21429,177.57141,0.072000004
38587419,403.5714,70.42859,0.15840001
38587685,969.6428,260.71436,0.1632
38587909,201.7857,160.42859,0.16800001
38593883,651.7857,389.28577,0.23040001
38594202,91.96429,202.42859,0.2736
38594775,600.0,180.14282,0.28800002
38595290,117.85714,191.28577,0.16800001
38595452,925.0,42.142822,0.23040001
38595764,835.7143,289.0,0.10080001
38595926,222.32143,167.28577,0.19680001
38596665,527.6786,105.57141,0.18720001
38598439,628.5714,349.0,0.0912
38599692,52.67857,170.71436,0.15840001
38600041,687.5,350.71436,0.16800001
38600264,233.92857,166.42859,0.1728
38600484,287.5,79.85718,0.24480002
38601206,83.03571,175.0,0.21120001
38601602,733.0357,363.5714,0.10080001
38602104,1019.6428,65.28577,0.096
38602534,463.39285,177.57141,0.110400006
38602895,651.7857,348.14282,0.1824
38603347,525.8928,60.142822,0.216
38603754,407.14285,75.57141,0.1392
38603930,1035.7142,67.85718,0.10560001
38604297,783.9286,71.28577,0.1488
38604777,694.6428,316.4286,0.1488
38605407,1083.9286,171.57141,0.072000004
38605610,275.89285,82.42859,0.2976
38606248,225.89285,157.85718,0.1536
38608868,1127.6786,371.28577,0.124800004
38612026,72.32143,173.28577,0.10560001
38612513,856.25,274.4286,0.124800004
38612688,351.7857,172.42859,0.23040001
38612872,708.0357,350.71436,0.20160002
38614968,748.2143,277.85718,0.10560001
38615426,647.3214,62.714355,0.20160002
38615855,666.9643,367.0,0.18720001
38616379,1028.5714,66.14282,0.120000005
38616809,1153.5714,55.0,0.0768
38617000,1152.6786,64.42859,0.120000005
38617315,1027.6786,74.714355,0.1824
38617771,231.25,154.42859,0.1824
38623581,914.2857,71.28577,0.124800004
38624000,800.0,272.71436,0.10560001
38624162,608.9286,189.57141,0.2544
38624796,623.2143,375.5714,0.110400006
38625795,284.8214,61.0,0.1728
38626017,848.2143,281.28577,0.15840001
38626244,341.9643,180.14282,0.24960001
38626818,678.5714,350.71436,0.1728
38628342,527.6786,60.142822,0.1728
38628513,695.5357,178.42859,0.16800001
38628940,278.5714,66.14282,0.16800001
38629139,983.9286,283.85718,0.110400006
38631368,671.4286,379.0,0.15840001
38632745,533.9286,94.42859,0.2256
38632860,1031.25,68.714355,0.1728
38633666,637.5,382.4286,0.13440001
38634085,345.5357,172.42859,0.2064
38634198,919.6428,73.85718,0.0864
38634483,311.60715,104.714355,0.2064
38634849,682.1428,381.5714,0.120000005
38635528,525.0,50.714355,0.17760001
38635654,1024.1072,67.0,0.17760001
38636106,677.6786,367.0,0.1392
38636603,220.5357,183.57141,0.1296
38636773,1108.9286,164.71436,0.0768
38637172,283.0357,79.0,0.120000005
38637344,288.39285,76.42859,0.17760001
38637548,1145.5356,82.42859,0.13440001
38638801,1108.0356,379.0,0.1296
38641256,849.1071,286.4286,0.14400001
38641607,1054.4642,60.142822,0.124800004
38642157,663.3928,356.71436,0.23040001
38642501,976.7857,247.85718,0.1296
38643080,1029.4642,53.285767,0.0912
38643291,399.10715,61.0,0.1536
38643649,283.92856,82.42859,0.21120001
38654656,628.5714,390.14282,0.124800004
38655246,109.82143,187.85718,0.18720001
38655421,869.6428,277.0,0.10080001
38655722,343.75,173.28577,0.0912
38657340,610.7143,374.71436,0.14400001
38667711,714.2857,280.4286,0.120000005
38668045,653.5714,57.57141,0.19680001
38668218,545.5357,355.0,0.2736
38668728,67.85714,175.0,0.1392
38669183,651.7857,369.5714,0.18720001
38669636,229.46428,184.42859,0.13440001
38670120,1122.3214,180.14282,0.067200005
38670399,314.2857,53.285767,0.24000001
38670575,304.4643,70.42859,0.1824
38670684,1146.4286,51.57141,0.1536
38670993,570.5357,383.28577,0.096
38671707,549.1071,55.857178,0.1824
38671928,1039.2856,54.142822,0.0816
38672809,522.3214,385.85718,0.1488
38673613,215.17857,181.0,0.10080001
38673949,93.75,157.0,0.16800001
38674121,650.8928,67.85718,0.15840001
38674505,622.3214,354.14282,0.1632
38674687,167.85715,74.714355,0.14400001
38674922,275.89285,81.57141,0.2064
38675575,669.6428,376.4286,0.1728
38676264,293.75,73.0,0.1632
38676402,860.7143,273.5714,0.1488
38676632,336.60715,174.14282,0.1632
38677766,1133.0356,382.4286,0.062400002
38686659,547.3214,76.42859,0.24480002
38687136,692.8571,175.85718,0.1536
38687268,264.2857,73.0,0.2976
38687667,638.3928,368.71436,0.115200005
38689113,721.4286,179.28577,0.31680003
38689344,291.9643,77.28577,0.20160002
38689648,75.0,169.0,0.14400001
38690276,429.4643,96.14282,0.3456
38690724,506.25,76.42859,0.24000001
38691661,76.78571,176.71436,0.124800004
38692256,471.42856,293.28577,0.1392
38692448,698.2143,181.85718,0.120000005
38692886,289.2857,63.57141,0.16800001
38696362,677.6786,375.5714,0.0912
38697441,96.42857,186.14282,0.13440001
38697602,852.6786,265.85718,0.15840001
38697824,398.2143,185.28577,0.1536
38698115,724.1071,365.28577,0.15840001
38698613,544.6428,79.0,0.24960001
38698786,725.0,169.85718,0.1296
38699000,305.35715,72.14282,0.0912
38699386,678.5714,376.4286,0.10560001
38700009,541.0714,105.57141,0.2592
38700163,1020.5357,73.85718,0.1536
38700496,792.8571,68.714355,0.120000005
38700924,192.85715,175.85718,0.13440001
38701699,50.0,181.85718,0.110400006
38701888,841.9643,274.4286,0.10560001
38702110,318.75,177.57141,0.110400006
38702434,695.5357,374.71436,0.1296
38703079,866.9643,269.28577,0.10080001
38703266,65.17857,171.57141,0.120000005
38703764,553.5714,69.57141,0.216
38704243,791.0714,104.714355,0.13440001
38704399,404.4643,97.85718,0.1728
38704732,94.64285,179.28577,0.1392
38704923,1106.25,178.42859,0.10560001
38705276,664.2857,380.71436,0.0864
38705513,222.32143,170.71436,0.115200005
38705709,1040.1786,75.57141,0.0864
38706362,1158.9286,268.4286,0.062400002
38706793,716.9643,174.14282,0.16800001
38707060,1021.4286,60.142822,0.1536
38707450,470.5357,307.0,0.192
38707643,954.4643,165.57141,0.0768
38707867,231.25,180.14282,0.10080001
38710922,1141.0714,379.0,0.10560001
38718796,524.1071,80.714355,0.31680003
38719341,696.4286,176.71436,0.1392
38719527,102.67857,181.0,0.1392
38719734,542.8571,82.42859,0.2592
38721034,639.2857,337.85718,0.16800001
38721946,456.25,186.14282,0.24960001
38722172,1089.2856,165.57141,0.072000004
38722535,282.14285,67.0,0.14400001
38723071,217.85715,184.42859,0.124800004
38723249,736.6071,199.85718,0.1536
38723559,680.3571,370.4286,0.15840001
38724089,935.7143,77.28577,0.1536
38724263,257.14285,188.71436,0.24000001
38724601,675.8928,373.0,0.115200005
38725850,732.1428,185.28577,0.17760001
38726091,275.89285,74.714355,0.1296
38727709,909.8214,79.85718,0.120000005
38727941,418.75,93.57141,0.24480002
38728288,629.4643,386.71436,0.115200005
38729284,512.5,65.28577,0.120000005
38729497,1039.2856,60.142822,0.1488
38730560,642.8571,381.5714,0.13440001
38731987,516.9643,100.42859,0.28800002
38732173,921.4286,84.14282,0.120000005
38732806,229.46428,169.0,0.110400006
38733623,109.82143,181.85718,0.10560001
38735262,708.9286,399.5714,0.120000005
38736294,483.92856,300.14282,0.2976
38736864,758.9286,313.0,0.18720001
38737938,226.7857,176.71436,0.115200005
38738188,755.3571,71.28577,0.1632
38739151,983.9286,270.14282,0.0864
38739292,985.7143,277.85718,0.0912
38739689,95.53571,179.28577,0.115200005
38740301,526.7857,83.28577,0.22080001
38740559,902.6786,66.14282,0.18720001
38740755,1019.6428,68.714355,0.124800004
38742851,866.9643,293.28577,0.14400001
38743443,1128.5714,376.4286,0.115200005
38744971,350.89285,205.85718,0.1824
38745370,290.17856,90.14282,0.28320003
38746808,596.4286,288.14282,0.23520002
38746969,1029.4642,55.0,0.20160002
38747334,794.6428,58.42859,0.120000005
38747605,519.6428,61.857178,0.3312
38747787,1071.4286,180.14282,0.096
38752040,664.2857,53.285767,0.115200005
38752387,557.1428,373.0,0.1536
38753008,546.4286,94.42859,0.2784
38753115,1024.1072,71.28577,0.26880002
38753561,684.8214,381.5714,0.115200005
38753794,749.1071,274.4286,0.115200005
38753942,280.35715,53.285767,0.1632
38754130,687.5,368.71436,0.14400001
38754569,155.35715,76.42859,0.24000001
38754752,906.25,59.285767,0.124800004
38755177,225.89285,190.42859,0.10080001
38755294,689.2857,191.28577,0.16800001
38755591,287.5,75.57141,0.115200005
38755820,370.5357,170.71436,0.26880002
38756187,697.3214,373.0,0.120000005
38756659,557.1428,87.57141,0.2064
38756799,1025.0,73.0,0.44160002
38757269,638.3928,378.14282,0.15840001
38757629,335.7143,181.0,0.14400001
38757834,905.3571,85.0,0.2592
38758003,297.3214,79.0,0.1392
38758269,675.8928,359.28577,0.18720001
38758783,541.0714,65.28577,0.13440001
38758965,1025.0,66.14282,0.120000005
38759407,641.9643,383.28577,0.110400006
38759853,222.32143,181.0,0.110400006
38760024,1042.8572,157.85718,0.10080001
38760479,293.75,74.714355,0.115200005
38760872,1137.5,86.714355,0.072000004
38761985,1129.4642,276.14282,0.0816
38762345,333.0357,59.285767,0.1728
38762590,1163.3928,73.85718,0.14400001
38763912,898.2143,374.71436,0.14400001
38765768,1092.8572,385.0,0.0768
38775524,528.5714,112.42859,0.16800001
38775662,1017.8571,65.28577,0.264
38776430,671.4286,376.4286,0.1824
38776759,213.39285,183.57141,0.1728
38776889,1094.6428,180.14282,0.6
38777150,288.39285,73.85718,0.1536
38777355,291.0714,79.85718,0.264
38777484,1155.3572,72.14282,0.264
38777895,671.4286,401.28577,0.1632
38778621,1158.9286,73.85718,0.1488
38778792,271.42856,80.714355,0.2064
38779064,393.75,76.42859,0.23040001
38779594,454.4643,286.4286,0.0912
38779751,746.4286,186.14282,0.19680001
38780394,85.71429,179.28577,0.124800004
38780584,880.3571,283.0,0.1488
38781014,451.7857,282.14282,0.0816
38781487,266.9643,73.85718,0.28320003
38781753,683.0357,391.85718,0.10560001
38782125,521.4286,62.714355,0.1488
38782374,1063.3928,79.0,0.15840001
38782866,651.7857,368.71436,0.216
38783114,333.92856,178.42859,0.0864
38783477,396.42856,77.28577,0.216
38783752,278.5714,103.85718,0.18720001
38784254,59.821426,178.42859,0.072000004
38785191,955.3571,303.5714,0.2064
38786716,668.75,378.14282,0.22080001
38787167,91.96429,211.85718,0.264
38787958,658.9286,77.28577,0.20160002
38788170,308.0357,79.0,0.36
38788544,644.6428,375.5714,0.1536
38790060,547.3214,69.57141,0.1728
38790561,716.9643,172.42859,0.1632
38790722,263.39285,74.714355,0.192
38790959,403.5714,96.14282,0.18720001
38791197,299.10715,67.0,0.15840001
38791622,225.0,179.28577,0.0768
38792235,634.8214,389.28577,0.0912
38792917,523.2143,62.714355,0.1632
38793087,713.3928,188.71436,0.17760001
38793269,267.85715,67.0,0.1824
38793659,641.9643,387.5714,0.1488
38794047,409.8214,59.285767,0.1728
38794282,794.6428,96.14282,0.22080001
38794773,708.9286,317.28577,0.120000005
38796924,1150.8928,372.14282,0.10560001
38799433,466.9643,181.0,0.20160002
38799587,1015.1786,50.714355,0.1632
38799788,396.42856,84.14282,0.264
38800328,637.5,371.28577,0.14400001
38801272,923.2143,73.0,0.1296
38801699,810.7143,313.0,0.1536
38802086,663.3928,368.71436,0.2064
38802330,517.8571,85.85718,0.2928
38802536,736.6071,172.42859,0.14400001
38802696,107.14285,165.57141,0.096
38802928,559.8214,97.85718,0.18720001
38806695,644.6428,349.85718,0.110400006
38807148,202.67857,162.14282,0.19680001
38808073,1089.2856,164.71436,0.10080001
38808291,278.5714,79.0,0.19680001
38808471,291.0714,77.28577,0.24480002
38808641,1147.3214,51.57141,0.14400001
38809481,683.0357,386.71436,0.1392
38810388,1025.0,77.28577,0.1392
38810577,463.39285,175.85718,0.1536
38810840,638.3928,387.5714,0.1296
38811151,300.89285,170.71436,0.15840001
38811454,291.0714,81.57141,0.216
38811907,93.75,179.28577,0.0864
38813034,532.1428,79.0,0.216
38813262,719.6428,187.0,0.1296
38813715,664.2857,400.4286,0.19680001
38813982,154.46428,73.0,0.18720001
38814263,766.0714,163.0,0.1728
38814460,100.0,183.57141,0.14400001
38814705,541.0714,90.14282,0.2064
38816319,666.9643,370.4286,0.19680001
38817315,341.9643,157.0,0.2256
38817654,387.5,67.85718,0.17760001
38817924,281.25,75.57141,0.10560001
38818625,62.5,159.57141,0.072000004
38818843,966.9643,276.14282,0.0864
38819049,225.0,170.71436,0.1728
38819388,646.4286,378.14282,0.18720001
38819932,979.4643,252.14282,0.17760001
38820074,121.42857,168.14282,0.13440001
38820488,675.8928,65.28577,0.20160002
38821064,692.8571,391.85718,0.10080001
38821443,478.5714,280.4286,0.1488
38821668,1021.4286,64.42859,0.2064
38822177,972.3214,286.4286,0.067200005
38822382,269.64285,67.0,0.26880002
38825005,1129.4642,402.14282,0.0864
38826696,185.71428,96.14282,0.192
38826839,738.3928,168.14282,0.17760001
38827003,275.89285,68.714355,0.24960001
38827129,813.3928,293.28577,0.216
38827608,675.0,368.71436,0.14400001
38827901,184.82143,104.714355,0.115200005
38828267,239.2857,73.85718,0.1392
38828867,688.3928,361.0,0.13440001
38829431,720.5357,175.85718,0.21120001
38829565,87.5,198.14282,0.3072
38829721,622.3214,283.0,0.120000005
38830068,264.2857,104.714355,0.10560001
38830470,688.3928,385.85718,0.1728
38830968,221.42857,204.14282,0.16800001
38831152,706.25,186.14282,0.19680001
38831420,764.2857,56.714355,0.14400001
38832632,468.75,181.85718,0.16800001
38832824,475.0,190.42859,0.28800002
38833045,1054.4642,169.85718,0.0864
38833236,276.7857,81.57141,0.2976
38833620,331.25,165.57141,0.3072
38834417,689.2857,380.71436,0.1632
38835336,1036.6072,75.57141,0.1296
38835531,490.17856,176.71436,0.216
38835749,475.0,186.14282,0.2928
38836026,674.1071,383.28577,0.1728
38836569,554.4643,73.0,0.23040001
38836748,706.25,172.42859,0.1728
38836961,865.1786,74.714355,0.120000005
38837132,223.21428,183.57141,0.1488
38837426,697.3214,393.5714,0.115200005
38837973,983.9286,272.71436,0.0912
38838439,1032.1428,60.142822,0.10560001
38838608,413.39285,53.285767,0.1392
38838934,509.8214,74.714355,0.15840001
38839639,56.25,211.0,0.10560001
38839807,1120.5356,170.71436,0.0864
38840880,666.0714,379.0,0.1392
38841308,478.5714,283.85718,0.17760001
38841468,1024.1072,81.57141,0.1488
38841795,901.7857,104.714355,0.10080001
38843019,1100.0,182.71436,0.0912
38846602,1131.25,389.28577,0.0912
38852994,969.6428,274.4286,0.110400006
38853541,800.0,75.57141,0.1488
38853656,282.14285,173.28577,0.1488
38854176,519.6428,76.42859,0.1824
38854628,639.2857,353.28577,0.23520002
38855140,625.0,184.42859,0.1728
38855295,915.1786,58.42859,0.21120001
38855727,617.8571,292.4286,0.1392
38855955,289.2857,69.57141,0.1824
38856160,660.7143,367.0,0.18720001
38856565,901.7857,61.857178,0.10560001
38857305,1149.1072,288.14282,0.072000004
38857868,805.3571,62.714355,0.115200005
38858075,230.35715,169.85718,0.17760001
38858411,674.1071,355.0,0.16800001
38858837,1146.4286,67.85718,0.0768
38859430,100.0,183.57141,0.1296
38859594,788.3928,68.714355,0.16800001
38859781,222.32143,168.14282,0.23040001
38859989,275.0,63.57141,0.192
38861036,691.9643,373.0,0.18720001
38861525,537.5,69.57141,0.24960001
38861773,684.8214,183.57141,0.2064
38861958,329.4643,82.42859,0.2064
38862178,399.10715,69.57141,0.14400001
38862426,290.17856,57.57141,0.18720001
38862836,214.2857,181.0,0.15840001
38863167,636.6071,379.85718,0.15840001
38863466,529.4643,60.142822,0.2592
38863654,717.8571,174.14282,0.1632
38863817,319.64285,85.85718,0.35520002
38864043,660.7143,378.14282,0.40320003
38864694,407.14285,97.0,0.17760001
38864947,286.60715,79.85718,0.312
38865244,232.14285,193.85718,0.16800001
38865950,1157.1428,68.714355,0.072000004
38866108,306.25,68.714355,0.192
38866630,469.64285,295.0,0.120000005
38867054,535.7143,97.0,0.2592
38878890,1139.2856,387.5714,0.0864
38880087,516.0714,71.28577,0.28320003
38880254,710.7143,193.0,0.24000001
38880568,99.10714,188.71436,0.120000005
38880678,542.8571,60.142822,0.24000001
38881164,650.8928,384.14282,0.19680001
38881647,978.5714,278.71436,0.096
38881887,112.5,199.85718,0.192
38882070,958.9286,178.42859,0.1488
38882303,290.17856,79.85718,0.23520002
38882555,222.32143,168.14282,0.2064
38882866,688.3928,353.28577,0.22080001
38883340,471.42856,302.71436,0.3648
38883787,84.82143,175.85718,0.216
38884089,1100.8928,175.0,0.0912
38884222,67.85714,177.57141,0.1296
38884686,948.2143,275.28577,0.1536
38884859,301.7857,88.42859,0.2976
38885321,538.3928,88.42859,0.2736
38885702,633.9286,59.285767,0.2976
38888573,638.3928,371.28577,0.2784
38890117,1024.1072,64.42859,0.124800004
38890273,465.17856,177.57141,0.17760001
38890637,608.9286,379.0,0.1632
38891087,217.85715,170.71436,0.2064
38891290,1046.4286,74.714355,0.14400001
38891664,641.9643,390.14282,0.110400006
38892094,1085.7142,167.28577,0.048
38892475,1020.5357,76.42859,0.1536
38892835,770.5357,316.4286,0.21120001
38892959,597.3214,186.14282,0.19680001
38893198,685.7143,377.28577,0.15840001
38893542,1080.3572,176.71436,0.062400002
38894036,925.8928,90.14282,0.1632
38894239,480.35715,173.28577,0.23040001
38894656,300.0,91.0,0.20160002
38896480,1157.1428,374.71436,0.115200005
38904176,508.0357,171.57141,0.1536
38904422,1025.0,59.285767,0.110400006
38904593,389.2857,46.42859,0.384
38904910,714.2857,351.5714,0.17760001
38905413,163.39285,72.14282,0.2256
38905592,746.4286,170.71436,0.14400001
38905949,1042.8572,66.14282,0.0864
38906404,680.3571,341.28577,0.13440001
38906831,170.5357,65.28577,0.115200005
38906970,1007.1428,67.0,0.1392
38907333,785.7143,92.714355,0.21120001
38908819,1104.4642,175.85718,0.0816
38909020,345.5357,185.28577,0.16800001
38909296,657.1428,367.85718,0.21120001
38909613,732.1428,277.85718,0.18720001
38909740,317.85715,91.0,0.1488
38910121,79.46429,176.71436,0.1632
38910647,375.0,53.285767,0.264
38910885,683.0357,373.0,0.120000005
38911190,543.75,61.857178,0.22080001
38911412,690.1786,178.42859,0.17760001
38911629,269.64285,67.85718,0.20160002
38911717,673.2143,350.71436,0.0912
38913760,167.85715,72.14282,0.1488
38913915,689.2857,168.14282,0.14400001
38914159,903.5714,61.857178,0.1824
38914502,1153.5714,54.142822,0.0768
38914691,211.60715,172.42859,0.1728
38915345,664.2857,371.28577,0.1536
38915739,92.85714,179.28577,0.0864
38916051,865.1786,271.0,0.10560001
38916296,333.92856,171.57141,0.2544
38916439,666.9643,350.71436,0.192
38916684,233.92857,183.57141,0.1488
38917363,474.10715,292.4286,0.0912
38918286,1038.3928,67.85718,0.10080001
38918441,376.7857,67.0,0.1392
38918787,858.0357,282.14282,0.124800004
38919128,246.42857,185.28577,0.10080001
38919450,689.2857,383.28577,0.115200005
38920062,1053.5714,71.28577,0.115200005
38920232,479.4643,157.85718,0.18720001
38920498,676.7857,345.5714,0.1488
38920990,564.2857,66.14282,0.18720001
38921198,907.1428,75.57141,0.1632
38922377,983.9286,271.0,0.0816
38922564,295.5357,102.14282,0.1728
38923158,1085.7142,384.14282,0.062400002
38935335,556.25,82.42859,0.26880002
38935486,694.6428,167.28577,0.1392
38935666,292.85715,54.142822,0.2784
38935985,600.8928,364.4286,0.30240002
38936822,1030.3572,60.142822,0.1728
38937142,1134.8214,59.285767,0.120000005
38937305,1141.0714,56.714355,0.0912
38937580,382.14285,69.57141,0.37440002
38937801,285.7143,70.42859,0.2976
38938183,217.85715,171.57141,0.15840001
38938353,225.89285,175.0,0.1536
38938508,1016.0714,67.85718,0.1632
38938692,358.0357,68.714355,0.2784
38939026,207.14285,150.14282,0.2544
38941064,633.9286,387.5714,0.1632
38942124,147.32143,80.714355,0.24960001
38942605,402.67856,70.42859,0.312
38942844,1027.6786,57.57141,0.13440001
38943984,820.5357,289.0,0.18720001
38944138,590.1786,180.14282,0.14400001
38945643,632.1428,349.85718,0.3072
38946370,514.2857,66.14282,0.28800002
38947337,725.0,176.71436,0.17760001
38947509,270.5357,65.28577,0.23040001
38947712,672.3214,332.71436,0.1536
38948330,1181.25,58.42859,0.0816
38949045,422.3214,73.0,0.24000001
38949171,1033.0356,79.0,0.1392
38949545,799.1071,79.85718,0.22080001
38949812,366.0714,194.71436,0.264
38950446,673.2143,373.0,0.1824
38950942,1017.8571,241.0,0.13440001
38951151,112.5,189.57141,0.2064
38951287,850.8928,289.0,0.17760001
38951586,192.85715,173.28577,0.2592
38952055,690.1786,379.85718,0.1824
38952671,471.42856,288.14282,0.18720001
38952856,1031.25,72.14282,0.120000005
38953343,797.3214,310.4286,0.110400006
38954258,518.75,78.14282,0.2064
38954790,816.0714,69.57141,0.22080001
38955226,932.1428,286.4286,0.120000005
38955372,341.9643,71.28577,0.2976
38956758,1101.7856,176.71436,0.0864
38957418,650.8928,91.85718,0.2064
38959201,1098.2142,384.14282,0.096
38966073,508.0357,40.42859,0.30240002
38966244,727.6786,172.42859,0.192
38966404,257.14285,42.142822,0.2736
38967300,641.9643,381.5714,0.1728
38968036,1176.7856,73.0,0.0912
38968531,95.53571,178.42859,0.1728
38968693,837.5,276.14282,0.2064
38969132,584.8214,177.57141,0.2544
38969555,225.89285,159.57141,0.1488
38969841,671.4286,378.14282,0.115200005
38970378,1025.0,86.714355,0.192
38970526,507.14285,187.0,0.17760001
38970989,682.1428,370.4286,0.18720001
38971230,337.5,179.28577,0.1488
38971483,295.5357,73.0,0.16800001
38971889,215.17857,186.14282,0.10080001
38972123,916.0714,77.28577,0.17760001
38972373,400.0,69.57141,0.17760001
38972645,331.25,87.57141,0.34080002
38972890,364.2857,189.57141,0.24960001
38973437,642.8571,380.71436,0.10560001
38974054,1137.5,163.0,0.10560001
38974570,1033.0356,60.142822,0.1392
38975609,566.9643,297.5714,0.124800004
38975800,295.5357,64.42859,0.19680001
38976604,683.9286,361.85718,0.124800004
38977384,512.5,67.0,0.28800002
38977610,698.2143,172.42859,0.1392
38977718,316.0714,62.714355,0.1392
38977965,666.0714,342.14282,0.1488
38978565,1142.8572,172.42859,0.0864
38978706,63.392857,199.0,0.16800001
38979157,146.42857,67.85718,0.1632
38979756,209.82143,170.71436,0.1824
38980697,667.8571,373.85718,0.2064
38980967,353.5714,187.0,0.19680001
38981296,288.39285,91.85718,0.26880002
38981570,1082.1428,172.42859,0.057600003
38981885,87.5,171.57141,0.1296
38982082,642.8571,98.714355,0.24960001
38984132,1135.7142,368.71436,0.115200005
38996460,518.75,70.42859,0.16800001
38996586,700.0,187.85718,0.17760001
38996794,338.39285,73.0,0.192
38997194,625.8928,349.0,0.1632
38997983,933.9286,53.285767,0.16800001
38998329,811.6071,279.5714,0.1536
38998779,207.14285,172.42859,0.1296
38999112,1088.3928,157.85718,0.0912
38999927,925.8928,63.57141,0.1536
39000286,850.0,295.0,0.120000005
39000614,458.0357,291.5714,0.1296
39001020,293.75,75.57141,0.17760001
39001245,673.2143,373.85718,0.21120001
39001766,1031.25,66.14282,0.13440001
39001930,467.85715,187.0,0.312
39002177,679.4643,375.5714,0.18720001
39002694,529.4643,62.714355,0.24480002
39002836,710.7143,166.42859,0.20160002
39003098,280.35715,64.42859,0.2592
39003372,628.5714,349.85718,0.16800001
39003987,1031.25,56.714355,0.14400001
39004513,472.3214,179.28577,0.23040001
39004687,462.5,176.71436,0.10560001
39004845,866.0714,93.57141,0.1824
39005227,434.8214,301.0,0.0912
39006030,278.5714,59.285767,0.096
39006452,628.5714,367.85718,0.23040001
39006944,55.357143,199.85718,0.1536
39007077,895.5357,254.71436,0.216
39007371,301.7857,178.42859,0.1536
39007707,641.0714,383.28577,0.16800001
39008330,520.5357,71.28577,0.21120001
39008517,686.6071,180.14282,0.16800001
39008737,323.2143,97.85718,0.2592
39008908,679.4643,377.28577,0.1296
39009608,192.85715,170.71436,0.2064
39009981,1160.7142,55.857178,0.110400006
39010869,748.2143,67.85718,0.15840001
39011855,426.7857,84.14282,0.32160002
39012018,836.6071,288.14282,0.14400001
39012244,233.0357,171.57141,0.096
39015169,1143.75,379.85718,0.096
39021256,522.3214,79.0,0.34080002
39021425,694.6428,196.42859,0.24480002
39021563,298.2143,76.42859,0.23520002
39022328,668.75,361.85718,0.26880002
39022838,981.25,269.28577,0.124800004
39022989,112.5,215.28577,0.19680001
39023615,521.4286,94.42859,0.216
39023878,914.2857,62.714355,0.120000005
39024949,278.5714,73.0,0.2064
39025136,850.0,271.0,0.1296
39025449,541.0714,55.857178,0.2256
39025865,690.1786,379.85718,0.13440001
39026223,983.0357,278.71436,0.115200005
39026432,264.2857,72.14282,0.24480002
39026901,398.2143,58.42859,0.1392
39027122,918.75,80.714355,0.18720001
39027457,501.7857,70.42859,0.1536
39027820,636.6071,390.14282,0.13440001
39028455,1051.7856,67.0,0.1728
39028619,488.39285,182.71436,0.264
39028902,678.5714,376.4286,0.120000005
39029288,808.0357,61.857178,0.24480002
39029666,829.4643,289.0,0.1824
39030239,166.07143,93.57141,0.124800004
39030390,1053.5714,44.714355,0.124800004
39030661,380.35715,48.142822,0.18720001
39031244,510.7143,62.714355,0.24480002
39031400,703.5714,174.14282,0.1536
39031663,687.5,77.28577,0.124800004
39032407,537.5,367.85718,0.18720001
39032858,516.9643,110.714355,0.26880002
39033406,108.92857,156.14282,0.1632
39033535,975.8928,172.42859,0.115200005
39033763,244.64285,64.42859,0.1632
39034033,251.7857,179.28577,0.21120001
39042850,1113.3928,379.85718,0.1824
39044335,172.32143,64.42859,0.115200005
39044684,297.3214,59.285767,0.1296
39045040,864.2857,289.85718,0.110400006
39045495,751.7857,384.14282,0.0912
39045878,743.75,188.71436,0.21120001
39046055,311.60715,56.714355,0.23040001
39046359,691.0714,346.4286,0.124800004
39046749,736.6071,164.71436,0.1632
39046965,860.7143,65.28577,0.115200005
39047279,914.2857,241.85718,0.0912
39048087,232.14285,167.28577,0.0768
39048495,288.39285,74.714355,0.1392
39048607,1088.3928,161.28577,0.22080001
39048817,450.89285,185.28577,0.216
39049080,683.9286,373.0,0.21120001
39049621,962.5,275.28577,0.0864
39050016,900.0,55.0,0.13440001
39050789,578.5714,182.71436,0.1728
39050864,795.5357,217.85718,0.0768
39051017,722.3214,175.0,0.1488
39051181,527.6786,70.42859,0.14400001
39051450,723.2143,351.5714,0.16800001
39051806,761.6071,178.42859,0.22080001
39052041,892.8571,56.714355,0.072000004
39053364,701.7857,382.4286,0.18720001
39053905,63.392857,69.57141,0.13440001
39054058,793.75,85.0,0.2784
39054260,908.9286,53.285767,0.1632
39054599,526.7857,62.714355,0.28800002
39055141,781.25,73.85718,0.2784
39055290,213.39285,170.71436,0.20160002
39055597,680.3571,371.28577,0.13440001
39055983,965.1786,278.71436,0.0816
39056394,116.07143,170.71436,0.067200005
39056651,966.9643,174.14282,0.1488
39056836,283.0357,68.714355,0.20160002
39057953,1100.0,375.5714,0.10560001
39162403,64.28571,280.4286,0.0816
39162872,908.0357,94.42859,0.124800004
39163206,561.6071,380.71436,0.2544
39163854,193.75,59.285767,0.22080001
39163956,897.3214,65.28577,0.115200005
39164284,1077.6786,169.85718,0.067200005
39164515,1082.1428,169.0,0.0816
39164663,577.6786,386.71436,0.124800004
39164968,813.3928,284.71436,0.0912
39166306,291.9643,64.42859,0.1296
39166513,289.2857,72.14282,0.2544
39166782,351.7857,191.28577,0.26880002
39167112,677.6786,374.71436,0.13440001
39167467,964.2857,274.4286,0.0912
39167894,666.0714,73.85718,0.24960001
39168439,593.75,393.5714,0.120000005
39169209,242.85715,159.57141,0.124800004
39169376,1099.1072,44.714355,0.0864
39169658,286.60715,70.42859,0.124800004
39170674,460.7143,267.5714,0.23040001
39171053,509.8214,72.14282,0.2256
39172678,105.35714,167.28577,0.13440001
39173850,468.75,279.5714,0.23520002
39174031,1071.4286,157.85718,0.096
39174373,285.7143,67.0,0.2736
39174715,215.17857,167.28577,0.2256
39175297,687.5,377.28577,0.14400001
39175702,101.78571,173.28577,0.115200005
39175854,861.6071,270.14282,0.096
39176048,356.25,181.0,0.2064
39176268,660.7143,360.14282,0.18720001
39176502,69.64285,166.42859,0.10560001
39176853,644.6428,385.0,0.120000005
39177765,485.7143,281.28577,0.120000005
39177920,1108.9286,158.71436,0.0912
39178310,258.92856,76.42859,0.21120001
39178620,103.57143,163.85718,0.1392
39179128,408.0357,59.285767,0.1632
39179424,675.8928,380.71436,0.0864
39180070,750.0,170.71436,0.1392
39180225,280.35715,68.714355,0.15840001
39180509,86.60714,161.28577,0.2064
39180952,348.2143,177.57141,0.14400001
39182253,899.1071,388.4286,0.115200005
39182655,630.3571,385.85718,0.19680001
39183384,58.035713,266.71436,0.110400006
39184037,524.1071,71.28577,0.14400001
39184229,1018.75,64.42859,0.1296
39184643,344.64285,169.0,0.096
39185151,83.03571,176.71436,0.120000005
39185315,645.5357,87.57141,0.23040001
39185908,645.5357,377.28577,0.14400001
39186489,52.67857,242.71436,0.14400001
39186919,919.6428,59.285767,0.1488
39187326,669.6428,382.4286,0.10080001
39187697,687.5,282.14282,0.10080001
39188173,419.64285,61.857178,0.2736
39188293,1027.6786,67.85718,0.2736
39188568,948.2143,163.0,0.1296
39188772,276.7857,70.42859,0.22080001
39189663,672.3214,372.14282,0.1728
39190080,967.8571,275.28577,0.062400002
39190613,693.75,63.57141,0.115200005
39191037,654.4643,367.85718,0.1728
39191315,423.2143,72.14282,0.15840001
39191541,794.6428,57.57141,0.18720001
39192049,1121.4286,180.14282,0.072000004
39192246,262.5,73.85718,0.1824
39192550,212.5,167.28577,0.1824
39193246,675.0,385.85718,0.13440001
39193607,71.42857,184.42859,0.096
39193841,891.9643,272.71436,0.0864
39194083,358.92856,181.0,0.0864
39194406,661.6071,378.14282,0.1632
39195172,68.75,267.5714,0.10080001
39195616,912.5,70.42859,0.120000005
39196151,628.5714,379.0,0.115200005
39196952,346.42856,163.85718,0.21120001
39197231,380.35715,43.857178,0.21120001
39197674,62.5,182.71436,0.1632
39197823,851.7857,249.57141,0.1488
39198030,963.3928,181.0,0.1392
39198352,688.3928,369.5714,0.124800004
39198963,59.821426,272.71436,0.0912
39199339,612.5,283.0,0.124800004
39199757,1037.5,72.14282,0.110400006
39200263,316.0714,154.42859,0.2928
39202062,58.92857,217.85718,0.048
39202182,1000.8928,172.42859,0.110400006
39202275,59.821426,175.85718,0.10080001
39203245,1124.1072,295.85718,0.0768
39203458,1131.25,280.4286,0.0768
39203919,80.35714,158.71436,0.1296
39204886,870.5357,397.0,0.120000005
39205336,627.6786,378.14282,0.1728
39207118,1148.2142,268.4286,0.0864
39207352,1141.9642,271.0,0.096
39207722,1150.8928,271.0,0.067200005
39207978,1150.0,280.4286,0.0864
39208397,1144.6428,275.28577,0.067200005
39209104,981.25,165.57141,0.096
39209315,95.53571,179.28577,0.124800004
39210130,866.9643,397.0,0.10080001
39211261,625.0,384.14282,0.18720001
39213465,1183.9286,268.4286,0.062400002
39213671,1181.25,278.71436,0.067200005
39214353,1184.8214,294.14282,0.062400002
39215247,623.2143,291.5714,0.1392
39215671,1013.3928,65.28577,0.110400006
39215930,366.9643,163.85718,0.1536
39216560,944.6428,198.14282,0.120000005
39216662,69.64285,181.85718,0.120000005
39217206,865.1786,390.14282,0.096
39217487,682.1428,393.5714,0.14400001
39218814,15.178572,283.85718,0.067200005
39219494,566.9643,94.42859,0.2064
39219659,1033.9286,56.714355,0.2064
39220657,966.0714,283.0,0.0912
39221070,1035.7142,68.714355,0.10080001
39221336,411.60715,67.0,0.24480002
39221541,397.3214,85.0,0.35040003
39221702,1025.8928,49.0,0.13440001
39221919,166.07143,78.14282,0.1824
39222808,639.2857,368.71436,0.15840001
39223253,55.357143,265.85718,0.1296
39223491,880.3571,75.57141,0.15840001
39223933,668.75,368.71436,0.21120001
39224355,172.32143,65.28577,0.15840001
39224569,879.4643,61.0,0.24000001
39224994,1092.8572,221.28577,0.072000004
39225191,1096.4286,220.42859,0.0864
39225702,710.7143,392.71436,0.14400001
39226606,454.4643,73.85718,0.062400002
39227409,1130.3572,247.85718,0.1296
39227733,543.75,70.42859,0.18720001
39228018,400.0,90.14282,0.24000001
39228694,51.785713,217.85718,0.1392
39228838,849.1071,244.42859,0.14400001
39229034,187.5,159.57141,0.192
39229363,1105.3572,151.85718,0.115200005
39229536,71.42857,183.57141,0.1536
39230130,553.5714,79.0,0.19680001
39230768,337.5,110.714355,0.10560001
39231400,640.1786,384.14282,0.115200005
39231952,904.4643,79.85718,0.1536
39232127,566.0714,90.14282,0.22080001
39232404,666.0714,388.4286,0.1392
39233331,1142.8572,262.4286,0.10560001
39234280,287.5,369.5714,0.2064
39234734,871.4286,381.5714,0.0912
39234989,321.42856,374.71436,0.14400001
39235607,618.75,385.0,0.0816
39236684,61.607143,179.28577,0.124800004
39237249,353.5714,181.0,0.14400001
39237517,682.1428,373.85718,0.115200005
39237916,546.4286,96.14282,0.31680003
39238076,724.1071,175.85718,0.2592
39238302,319.64285,89.28577,0.2256
39239321,850.0,288.14282,0.10560001
39239812,641.0714,363.5714,0.1536
39240282,43.75,269.28577,0.192
39240669,918.75,67.85718,0.1488
39241115,687.5,351.5714,0.1632
39241535,179.46428,75.57141,0.17760001
39241697,880.3571,67.85718,0.2256
39242860,1103.5714,175.0,0.0912
39243046,1106.25,175.85718,0.110400006
39243260,587.5,395.28577,0.16800001
39243566,698.2143,297.5714,0.16800001
39244099,416.0714,62.714355,0.1728
39244425,905.3571,72.14282,0.19680001
39244896,817.8571,298.4286,0.0912
39245077,592.8571,179.28577,0.2544
39245460,625.8928,358.4286,0.120000005
39246246,184.82143,64.42859,0.10560001
39246398,736.6071,169.0,0.120000005
39246624,77.67857,168.14282,0.1536
39246801,565.1786,62.714355,0.124800004
39247239,644.6428,391.85718,0.1392
39247741,55.357143,280.4286,0.0912
39248100,922.3214,73.0,0.15840001
39248894,588.3928,279.5714,0.13440001
39249059,292.85715,57.57141,0.1392
39250494,691.9643,385.0,0.115200005
39251512,1165.1786,266.71436,0.1392
39251706,1156.25,269.28577,0.0864
39252210,1151.7856,266.71436,0.096
39253840,351.7857,379.85718,0.115200005
39255626,473.2143,283.0,0.15840001
39256768,294.64285,377.28577,0.13440001
39257637,591.9643,283.0,0.14400001
39257838,294.64285,74.714355,0.24000001
39258036,613.3928,382.4286,0.1392
39259059,334.8214,175.0,0.1536
39259635,808.9286,295.0,0.110400006
39259770,308.92856,76.42859,0.30240002
39261666,756.25,360.14282,0.10560001
39262316,551.7857,74.714355,0.2064
39262468,1019.6428,63.57141,0.1536
39263104,635.7143,378.14282,0.115200005
39263589,665.1786,70.42859,0.26880002
39263996,1069.6428,68.714355,0.0864
39264537,761.6071,103.0,0.1536
39264736,403.5714,73.85718,0.20160002
39265029,622.3214,370.4286,0.120000005
39266066,715.1786,184.42859,0.17760001
39266450,1041.0714,70.42859,0.10080001
39266834,923.2143,295.85718,0.096
39267030,289.2857,79.85718,0.24480002
39268944,891.0714,387.5714,0.10560001
40932110,647.3214,343.0,0.216
