W,K,T,02-25-14_IanRichardson_015d4a82904c0c07.csvagainst_02-25-14_IanRichardson_015d4a82904c0c07.csv.csv,,,02-25-14_IanRichardson_015d4a82904c0c07.csvagainst_2-2-15_timdee_07924e50.csv.csv,,,02-25-14_IanRichardson_015d4a82904c0c07.csvagainst_2-2-26_timdee_07924e50.csv.csv,,,02-25-14_IanRichardson_015d4a82904c0c07.csvagainst_3-30-15_timdee_07924e50.csv.csv,,,02-25-14_IanRichardson_015d4a82904c0c07.csvagainst_4-2-15_IanRichardson_015d4a82904c0c07.csv.csv,,,2-2-15_timdee_07924e50.csvagainst_02-25-14_IanRichardson_015d4a82904c0c07.csv.csv,,,2-2-15_timdee_07924e50.csvagainst_2-2-15_timdee_07924e50.csv.csv,,,2-2-15_timdee_07924e50.csvagainst_2-2-26_timdee_07924e50.csv.csv,,,2-2-15_timdee_07924e50.csvagainst_3-30-15_timdee_07924e50.csv.csv,,,2-2-15_timdee_07924e50.csvagainst_4-2-15_IanRichardson_015d4a82904c0c07.csv.csv,,,2-2-26_timdee_07924e50.csvagainst_02-25-14_IanRichardson_015d4a82904c0c07.csv.csv,,,2-2-26_timdee_07924e50.csvagainst_2-2-15_timdee_07924e50.csv.csv,,,2-2-26_timdee_07924e50.csvagainst_2-2-26_timdee_07924e50.csv.csv,,,2-2-26_timdee_07924e50.csvagainst_3-30-15_timdee_07924e50.csv.csv,,,2-2-26_timdee_07924e50.csvagainst_4-2-15_IanRichardson_015d4a82904c0c07.csv.csv,,,3-30-15_timdee_07924e50.csvagainst_02-25-14_IanRichardson_015d4a82904c0c07.csv.csv,,,3-30-15_timdee_07924e50.csvagainst_2-2-15_timdee_07924e50.csv.csv,,,3-30-15_timdee_07924e50.csvagainst_2-2-26_timdee_07924e50.csv.csv,,,3-30-15_timdee_07924e50.csvagainst_3-30-15_timdee_07924e50.csv.csv,,,3-30-15_timdee_07924e50.csvagainst_4-2-15_IanRichardson_015d4a82904c0c07.csv.csv,,,4-2-15_IanRichardson_015d4a82904c0c07.csvagainst_02-25-14_IanRichardson_015d4a82904c0c07.csv.csv,,,4-2-15_IanRichardson_015d4a82904c0c07.csvagainst_2-2-15_timdee_07924e50.csv.csv,,,4-2-15_IanRichardson_015d4a82904c0c07.csvagainst_2-2-26_timdee_07924e50.csv.csv,,,4-2-15_IanRichardson_015d4a82904c0c07.csvagainst_3-30-15_timdee_07924e50.csv.csv,,,4-2-15_IanRichardson_015d4a82904c0c07.csvagainst_4-2-15_IanRichardson_015d4a82904c0c07.csv.csv,,
,,,Max,Min,Avg,Max,Min,Avg,Max,Min,Avg,Max,Min,Avg,Max,Min,Avg,Max,Min,Avg,Max,Min,Avg,Max,Min,Avg,Max,Min,Avg,Max,Min,Avg,Max,Min,Avg,Max,Min,Avg,Max,Min,Avg,Max,Min,Avg,Max,Min,Avg,Max,Min,Avg,Max,Min,Avg,Max,Min,Avg,Max,Min,Avg,Max,Min,Avg,Max,Min,Avg,Max,Min,Avg,Max,Min,Avg,Max,Min,Avg,Max,Min,Avg
3,5,1000,0.7562,0.658,0.4964,0,0,0,0,0,0,0,0,0,1.000,-0.438,0.4787,0,0,0,0,0,0,0.9447,0.2399,0.2877,0.9998,0.1673,0.5185,0.9998,-0.711,0.3648,0,0,0,0,0,0,0.9999,0.5301,0.5900,0.9999,0.3413,0.4382,0.9988,-0.278,0.2176,0,0,0,0,0,0,0.9999,-0.443,0.1872,1.000,0.6425,0.8785,0.0833,0.0833,0,0.9986,0.6364,0.7891,0,0,0,0,0,0,0,0,0,0.9999,0.6642,0.8238
3,5,1500,0.7732,0.6436,0.5345,0,0,0,0,0,0,0,0,0,1.000,-0.44,0.2601,0.9986,0.5553,0.5859,0,0,0,1.000,0.4146,0.3188,1.000,0.3112,0.5269,0.9997,-1.255,0.2226,0,0,0,0,0,0,1.000,0.579,0.8907,0.9997,0.4698,0.5116,0.9998,-0.10,0.2946,0,0,0,0,0,0,0.9998,-0.092,0.4258,1.000,0.6616,0.9427,0.0833,0.0833,0,0.9602,0.4738,0.5332,0,0,0,0,0,0,0,0,0,1.000,0.6403,0.6602
3,5,2000,0.8235,0.6393,0.5665,0,0,0,0,0,0,0,0,0,0.9996,-0.772,0.1956,0.9981,0.4907,0.6275,0,0,0,1.000,0.5314,0.6917,1.000,0.2872,0.4545,1.000,-1.345,0.1504,0,0,0,0,0,0,0.9999,0.4059,0.8390,0.9999,0.4714,0.5378,0.9997,-0.143,0.3506,0,0,0,0,0,0,1.000,0.0817,0.7112,1.000,0.6455,0.9334,0.0833,0.0833,0,0.9062,0.4769,0.4746,0,0,0,0,0,0,0,0,0,1.000,0.6392,0.6623
3,6,1000,0.6796,0.6268,0,0,0,0,0,0,0,0,0,0,0.9999,0.1325,0.5936,0,0,0,0,0,0,0.9999,0.4156,0.6860,0.9999,0.3897,0.7666,0.9984,0.2733,0.5519,0,0,0,0,0,0,1.000,0.7442,1,0.9165,0.6261,0.8701,0.7236,0.0494,0.01680,0,0,0,0,0,0,0.9999,0.5874,0.9366,1.000,0.7564,1,0.2562,0.0472,0,0.8541,0.6542,0.5755,0,0,0,0,0,0,0,0,0,0.9999,0.6402,0.8755
3,6,1500,0.8624,0.6661,0.4397,0,0,0,0,0,0,0,0,0,1.000,0.2665,0.6727,1.000,0.9544,1,0,0,0,1.000,0.358,0.5728,1.000,0.3403,0.6370,0.9996,-0.093,0.6199,0,0,0,0,0,0,1.000,0.7147,1,0.7387,0.4341,0.04805,0.8470,-0.084,0.08999,0,0,0,0,0,0,1.000,0.708,1,1.000,0.7262,1,0.2723,-0.006,0,0.7069,0.4062,0.009063,0,0,0,0,0,0,0,0,0,1.000,0.6514,0.8225
3,6,2000,0.8881,0.6647,0.4308,0,0,0,0,0,0,0,0,0,1.000,0.1108,0.6560,1.000,0.9399,1,0,0,0,1.000,0.2924,0.6068,1.000,0.5203,0.8043,0.9999,0.0337,0.6296,0,0,0,0,0,0,1.000,0.6719,0.9424,0.7844,0.4116,0.2321,0.9999,-0.124,0.1627,0,0,0,0,0,0,1.000,0.7349,1,1.000,0.7151,1,0.286,0.0543,0,0.6775,0.2639,0,0,0,0,0,0,0,0,0,0,0.9999,0.6498,0.8761
3,7,1000,0.6706,0.6253,0,0,0,0,0,0,0,0,0,0,0.9997,0.5583,0.8100,0,0,0,0,0,0,1.000,0.518,0.6845,0.9999,0.2794,0.6273,0.5625,-0.709,0,0,0,0,0,0,0,1.000,0.4588,0.5012,1.000,0.3229,0.5851,1.000,0.0391,0.5534,0,0,0,0,0,0,1.000,0.5225,0.7072,0.9928,0.7222,1,0.3636,-0.075,0,0.7744,0.6612,0.3802,0,0,0,0,0,0,0,0,0,1.000,0.6504,0.7996
3,7,1500,0.8242,0.6508,0.1887,0,0,0,0,0,0,0,0,0,1.000,0.5785,0.8500,0.3052,0.2267,0,0,0,0,1.000,0.7395,1,0.9999,0.246,0.4130,0.5548,-0.931,0,0,0,0,0,0,0,1.000,0.5057,0.7755,1.000,0.2628,0.4154,0.9998,0.0723,0.5316,0,0,0,0,0,0,0.9586,0.5775,0.8698,1.000,0.715,1,0.295,-0.123,0,0.7474,0.3815,0.02115,0,0,0,0,0,0,0,0,0,0.9959,0.642,0.8380
3,7,2000,0.8216,0.6489,0.2347,0,0,0,0,0,0,0,0,0,0.9999,0.4567,0.7840,0.3770,0.2315,0,0,0,0,1.000,0.7094,1,1.000,0.0806,0.3502,0.5867,-0.818,0,0,0,0,0,0,0,1.000,0.4603,0.5909,0.9993,0.275,0.4259,0.9999,0.0903,0.5374,0,0,0,0,0,0,0.9788,0.7017,1,1.000,0.645,0.9276,0.2742,-0.132,0,0.6673,0.2358,0,0,0,0,0,0,0,0,0,0,0.9999,0.6341,0.8017
3,8,1000,0.7584,0.7379,1,0,0,0,0,0,0,0,0,0,0.9503,0.575,0.5606,0,0,0,0,0,0,1.000,0.6322,0.9453,1.000,0.4842,0.3679,0.6667,-0.782,0,0,0,0,0,0,0,1.000,0.3698,0.5088,0.9999,-0.016,0.3660,1.000,-1.493,0.3631,0,0,0,0,0,0,1.000,0.4294,0.8215,1.000,0.7375,1,0.5834,-0.499,0,0.9581,0.7343,1,0,0,0,0,0,0,0,0,0,1.000,0.7440,1
3,8,1500,0.8229,0.7415,1,0,0,0,0,0,0,0,0,0,0.8679,0.5369,0.4540,0.2622,0.1339,0,0,0,0,1.000,0.6192,0.9521,0.9997,0.0781,0.1042,0.5239,-0.803,0,0,0,0,0,0,0,1.000,0.2945,0.3195,0.9999,0.0008,0.4346,0.9999,-0.886,0.1795,0,0,0,0,0,0,1.000,0.5741,0.8744,1.000,0.7807,1,0.3241,-0.768,0,0.9331,0.7381,1,0,0,0,0,0,0,0,0,0,1.000,0.7332,1
3,8,2000,0.8303,0.7456,1,0,0,0,0,0,0,0,0,0,0.889,0.5508,0.4597,0.28,0.1606,0,0,0,0,0.9468,0.5689,0.8708,0.9996,0.0558,0.09143,0.5425,-0.829,0,0,0,0,0,0,0,1.000,0.3355,0.4137,1.000,-0.036,0.3793,0.9997,-0.958,0.2474,0,0,0,0,0,0,1.000,0.5625,0.8840,1.000,0.7339,1,0.2481,-0.98,0,0.8898,0.7289,1,0,0,0,0,0,0,0,0,0,1.000,0.7315,1
3,9,1000,0.8205,0.7691,1,0,0,0,0,0,0,0,0,0,1.000,0.5789,0.9398,0,0,0,0,0,0,0.9999,0.6637,0.9922,0.9999,0.4646,0.8563,0.9998,-1.017,0.2685,0,0,0,0,0,0,0.9964,0.714,1,1.000,0.7123,1,1.000,0.6431,0.9000,0,0,0,0,0,0,1.000,0.6288,0.9780,1.000,0.7849,1,0.3982,0.1128,0,0.7616,0.4717,0.1875,0,0,0,0,0,0,0,0,0,1.000,0.7332,1
3,9,1500,0.8360,0.7579,1,0,0,0,0,0,0,0,0,0,1.000,0.58,0.7269,0.5683,0.5079,0,0,0,0,1.000,0.6225,0.9474,0.9973,0.2310,0.2968,0.8173,-1.019,0.03323,0,0,0,0,0,0,1.000,0.6935,0.9808,0.9505,0.5665,0.6937,0.9816,0.5456,0.5344,0,0,0,0,0,0,0.9999,0.6071,0.8983,1.000,0.6932,0.9975,0.3494,-0.038,0,0.8109,0.4761,0.1299,0,0,0,0,0,0,0,0,0,1.000,0.7232,1
3,9,2000,0.8631,0.7571,1,0,0,0,0,0,0,0,0,0,1.000,0.54,0.6590,0.6521,0.5206,0,0,0,0,1.000,0.6714,0.9922,1.000,0.3216,0.7226,0.9358,-0.875,0.1505,0,0,0,0,0,0,1.000,0.6335,0.9227,0.8874,0.5062,0.3224,0.9997,0.4656,0.4761,0,0,0,0,0,0,1.000,0.6884,0.9970,1.000,0.7531,1,0.3557,-0.041,0,0.8013,0.385,0.09491,0,0,0,0,0,0,0,0,0,1.000,0.7209,1
3,10,1000,0.819,0.7616,1,0,0,0,0,0,0,0,0,0,1.000,0.4911,0.7635,0,0,0,0,0,0,1.000,0.7421,1,1.000,0.5287,0.8354,0.6068,0.0399,0,0,0,0,0,0,0,1.000,0.7242,1,0.9999,0.3228,0.6121,0.9993,0.6553,0.9648,0,0,0,0,0,0,0.9998,0.1903,0.3025,1.000,0.7222,1,0.4847,0.1744,0,0.9986,0.6364,0.7891,0,0,0,0,0,0,0,0,0,0.9999,0.6642,0.8238
3,10,1500,0.8653,0.7536,1,0,0,0,0,0,0,0,0,0,0.9999,0.2854,0.6414,0.3848,0.3451,0,0,0,0,1.000,0.6978,0.9991,1.000,0.5765,0.8052,0.6029,-0.049,0,0,0,0,0,0,0,0.9999,0.5111,0.7777,1.000,0.4328,0.6033,0.8298,0.4489,0.3383,0,0,0,0,0,0,0.9996,0.4333,0.5452,1.000,0.6169,0.9377,0.49,0.1967,0,0.9602,0.4738,0.5332,0,0,0,0,0,0,0,0,0,1.000,0.6403,0.6602
3,10,2000,0.8933,0.7665,1,0,0,0,0,0,0,0,0,0,0.9992,0.244,0.5316,0.3932,0.2975,0,0,0,0,0.9999,0.6627,0.9607,1.000,0.6756,0.9868,0.6492,-0.015,0,0,0,0,0,0,0,1.000,0.5275,0.6542,1.000,0.4597,0.6086,0.8388,0.3633,0.1447,0,0,0,0,0,0,0.9997,0.5078,0.7181,1.000,0.6614,0.9644,0.5072,0.1894,0,0.9062,0.4769,0.4746,0,0,0,0,0,0,0,0,0,1.000,0.6392,0.6623
3,20,1000,0.8718,0.8513,1,0,0,0,0,0,0,0,0,0,1.000,0.7842,1,0,0,0,0,0,0,0.9999,0.8115,1,0.8863,0.6821,0.9706,0.8920,0.4100,0.3762,0,0,0,0,0,0,1.000,0.6665,0.9194,0.9367,0.7209,1,0.6906,0.5213,0,0,0,0,0,0,0,0.9999,0.7781,1,0.9994,0.6615,0.8910,0.3066,0.2016,0,0.9612,0.7908,1,0,0,0,0,0,0,0,0,0,1.000,0.6436,0.8190
3,20,1500,0.9262,0.8559,1,0,0,0,0,0,0,0,0,0,1.000,0.8386,1,0.5662,0.5184,0,0,0,0,1.000,0.8101,1,0.8999,0.6952,0.9981,0.7026,0.2774,0.0003135,0,0,0,0,0,0,0.9998,0.5989,0.5389,0.9652,0.6973,0.9995,0.6038,0.4705,0,0,0,0,0,0,0,1.000,0.746,1,0.9999,0.6644,0.9685,0.2660,0.1721,0,0.9997,0.7918,1,0,0,0,0,0,0,0,0,0,0.9993,0.6844,0.9904
3,20,2000,0.9454,0.8520,1,0,0,0,0,0,0,0,0,0,1.000,0.8498,1,0.5686,0.5,0,0,0,0,1.000,0.7844,1,0.9357,0.7316,1,0.7054,0.2793,0.001690,0,0,0,0,0,0,0.9999,0.5023,0.3334,0.9680,0.6833,0.9863,0.6188,0.4618,0,0,0,0,0,0,0,1.000,0.7394,1,0.9996,0.6823,0.9756,0.2370,0.1210,0,1.000,0.7976,1,0,0,0,0,0,0,0,0,0,0.9987,0.6774,0.9716
3,30,1000,0.9072,0.8897,1,0,0,0,0,0,0,0,0,0,1.000,0.8924,1,0,0,0,0,0,0,0.9522,0.7835,1,0.7447,0.5346,0.02930,0.9034,0.6930,0.9909,0,0,0,0,0,0,0.9998,0.5841,0.3791,0.8820,0.7635,1,0.9565,0.7457,1,0,0,0,0,0,0,0.9796,0.7804,1,0.9999,0.5696,0.3338,0.5037,0.3557,0,0.9753,0.7958,1,0,0,0,0,0,0,0,0,0,0.9968,0.6326,0.7209
3,30,1500,0.9148,0.8697,1,0,0,0,0,0,0,0,0,0,1.000,0.8903,1,0.6810,0.6525,0,0,0,0,1.000,0.8559,1,0.8080,0.5816,0.5543,0.7977,0.5773,0.5172,0,0,0,0,0,0,1.000,0.5591,0.2242,0.8818,0.7351,1,0.9180,0.7189,1,0,0,0,0,0,0,0.9115,0.7341,1,0.9998,0.5507,0.2242,0.4268,0.2975,0,0.9377,0.6068,0.6979,0,0,0,0,0,0,0,0,0,1.000,0.6041,0.6580
3,30,2000,0.9412,0.8682,1,0,0,0,0,0,0,0,0,0,1.000,0.8898,1,0.6458,0.6159,0,0,0,0,1.000,0.8844,1,0.8417,0.6555,0.7613,0.7524,0.5550,0.2866,0,0,0,0,0,0,0.9998,0.5058,0.1853,0.8823,0.7166,1,0.90,0.7024,1,0,0,0,0,0,0,0.9462,0.7322,1,1.000,0.5319,0.2018,0.4115,0.2885,0,0.9396,0.4953,0.5144,0,0,0,0,0,0,0,0,0,0.9965,0.5752,0.5827
3,40,1000,0.9031,0.8902,1,0,0,0,0,0,0,0,0,0,0.9933,0.9234,1,0,0,0,0,0,0,0.8751,0.6483,0.7032,0.7008,0.5868,0.0006659,1.000,0.9136,1,0,0,0,0,0,0,0.9999,0.4888,0.2928,0.9301,0.8325,1,0.8714,0.7505,1,0,0,0,0,0,0,0.8726,0.7086,1,0.9999,0.5868,0.3654,0.3878,0.3113,0,0.9252,0.8288,1,0,0,0,0,0,0,0,0,0,1.000,0.5452,0.3806
3,40,1500,0.9180,0.8667,1,0,0,0,0,0,0,0,0,0,1.000,0.9402,1,0.8517,0.8203,1,0,0,0,0.9948,0.7772,1,0.8020,0.6488,0.6297,1.000,0.8976,1,0,0,0,0,0,0,0.9997,0.4345,0.1915,0.9377,0.8251,1,0.8760,0.7535,1,0,0,0,0,0,0,0.8464,0.6837,0.9614,0.9999,0.5452,0.2072,0.3833,0.3098,0,0.9059,0.7437,1,0,0,0,0,0,0,0,0,0,0.9984,0.5469,0.3760
3,40,2000,0.9370,0.8675,1,0,0,0,0,0,0,0,0,0,1.000,0.9310,1,0.8060,0.7709,1,0,0,0,1.000,0.8149,1,0.8467,0.7181,1,0.9734,0.8485,1,0,0,0,0,0,0,0.9996,0.4128,0.1770,0.9444,0.8136,1,0.8909,0.7540,1,0,0,0,0,0,0,0.8530,0.6888,0.9717,1.000,0.5776,0.2056,0.3834,0.3066,0,0.9022,0.7011,1,0,0,0,0,0,0,0,0,0,0.9998,0.5172,0.3535
3,50,1000,0.9081,0.8896,1,0,0,0,0,0,0,0,0,0,1.000,0.9240,1,0,0,0,0,0,0,0.8376,0.6154,0.6098,0.6504,0.5741,0,0.9852,0.8515,1,0,0,0,0,0,0,0.9998,0.4585,0.3080,0.9884,0.9039,1,0.7624,0.6767,0.8511,0,0,0,0,0,0,0.8079,0.7196,1,0.9995,0.5620,0.2997,0.5593,0.5282,0,0.9738,0.8973,1,0,0,0,0,0,0,0,0,0,0.9993,0.5897,0.6174
3,50,1500,0.928,0.8737,1,0,0,0,0,0,0,0,0,0,1.000,0.9327,1,0.7696,0.7406,1,0,0,0,0.9397,0.7232,1,0.7171,0.6329,0.1595,0.8995,0.7550,1,0,0,0,0,0,0,0.9999,0.4276,0.2255,0.9960,0.9227,1,0.7907,0.7112,1,0,0,0,0,0,0,0.7582,0.6628,0.7046,1.000,0.5141,0.2035,0.5511,0.5194,0,0.9322,0.8299,1,0,0,0,0,0,0,0,0,0,0.9989,0.5817,0.4198
3,50,2000,0.9579,0.8777,1,0,0,0,0,0,0,0,0,0,1.000,0.9354,1,0.7180,0.6913,0.8039,0,0,0,0.9869,0.7801,1,0.76,0.6792,0.8149,0.8530,0.7139,1,0,0,0,0,0,0,0.9999,0.4427,0.2069,0.9977,0.9363,1,0.8026,0.7093,1,0,0,0,0,0,0,0.7610,0.6733,0.7163,0.9999,0.5110,0.1937,0.5531,0.5188,0,0.9248,0.7798,1,0,0,0,0,0,0,0,0,0,0.9996,0.5505,0.4011
4,5,1000,0.7176,0.6639,0.2429,0,0,0,0,0,0,0,0,0,1.000,0.0162,0.5806,0,0,0,0,0,0,0.9598,0.455,0.6207,0.9980,0.3738,0.4778,0.9994,-0.388,0.1987,0,0,0,0,0,0,0.9561,0.6425,0.8489,0.9999,0.4692,0.3338,0.9998,0.2212,0.2635,0,0,0,0,0,0,0.9998,0.4761,0.4866,1.000,0.6906,0.9642,0.0435,0.0435,0,0.7804,0.6531,0.7826,0,0,0,0,0,0,0,0,0,0.8359,0.6459,0.6448
4,5,1500,0.7429,0.6546,0.4087,0,0,0,0,0,0,0,0,0,1.000,0.1404,0.5486,0,0,0,0,0,0,0.8912,0.4504,0.1987,0.9767,0.315,0.5308,0.9999,-0.320,0.4270,0,0,0,0,0,0,1.000,0.6632,0.9332,0.9545,0.5133,0.4269,1.000,0.3442,0.4533,0,0,0,0,0,0,0.9996,0.6044,0.8738,1.000,0.6836,0.9397,0.0435,0.0435,0,0.8703,0.6549,0.7826,0,0,0,0,0,0,0,0,0,0.9196,0.6451,0.8011
4,5,2000,0.7422,0.6456,0.3077,0,0,0,0,0,0,0,0,0,1.000,0.1267,0.4839,0,0,0,0,0,0,0.7800,0.4871,0.1102,1.000,0.4192,0.6457,0.9999,-0.433,0.4027,0,0,0,0,0,0,1.000,0.6648,0.9392,1.000,0.555,0.6352,0.9997,0.3162,0.4570,0,0,0,0,0,0,1.000,0.6129,0.8932,1.000,0.6466,0.9105,0.0417,0.0417,0,0.872,0.652,0.6492,0,0,0,0,0,0,0,0,0,0.9517,0.6512,0.8172
4,6,1000,0.7104,0.6837,0.2429,0,0,0,0,0,0,0,0,0,0.9573,0.5448,0.4320,0,0,0,0,0,0,0.9999,0.7027,1,0.9861,0.4642,0.5480,0.9989,0.6064,0.9206,0,0,0,0,0,0,1.000,0.6732,0.9824,0.7978,0.5391,0.3127,0.8845,0.3293,0.2365,0,0,0,0,0,0,0.9999,0.8229,1,1.000,0.7721,1,0.2361,0.1802,0,0.7271,0.6598,0.1739,0,0,0,0,0,0,0,0,0,1.000,0.6325,0.7796
4,6,1500,0.6806,0.6459,0,0,0,0,0,0,0,0,0,0,0.9188,0.5679,0.5005,0,0,0,0,0,0,1.000,0.6533,0.9230,1.000,0.3912,0.5422,1.000,0.5535,0.9151,0,0,0,0,0,0,1.000,0.7484,1,0.8525,0.5161,0.4856,0.6896,0.2965,0,0,0,0,0,0,0,1.000,0.7799,1,1.000,0.7761,1,0.1954,0.1161,0,0.7663,0.6174,0.4096,0,0,0,0,0,0,0,0,0,1.000,0.6623,0.8677
4,6,2000,0.7161,0.6531,0.07903,0,0,0,0,0,0,0,0,0,0.9651,0.5658,0.5146,0,0,0,0,0,0,0.9992,0.6610,0.9893,0.9999,0.5546,0.7211,0.9999,0.6118,0.8738,0,0,0,0,0,0,0.9999,0.7608,1,0.7530,0.4362,0.1170,0.6777,0.265,0,0,0,0,0,0,0,1.000,0.7547,1,0.9999,0.7497,1,0.2067,0.1362,0,0.7455,0.6200,0.4419,0,0,0,0,0,0,0,0,0,1.000,0.6535,0.8760
4,7,1000,0.7295,0.7083,1,0,0,0,0,0,0,0,0,0,1.000,0.7229,1,0,0,0,0,0,0,1.000,0.6202,0.8926,0.9999,0.2980,0.7004,0.5479,-1.419,0,0,0,0,0,0,0,0.9992,0.6095,0.8234,0.9664,0.5713,0.7224,0.5698,0.1560,0,0,0,0,0,0,0,0.9787,0.6910,0.9954,1.000,0.7908,1,0.2683,0.1632,0,0.6982,0.6666,0,0,0,0,0,0,0,0,0,0,0.9318,0.6662,0.9024
4,7,1500,0.6957,0.6559,0,0,0,0,0,0,0,0,0,0,1.000,0.6838,0.9962,0,0,0,0,0,0,1.000,0.8028,1,1.000,0.2031,0.6608,0.4574,-1.119,0,0,0,0,0,0,0,0.9999,0.6595,0.9746,0.8690,0.5282,0.3233,0.4724,0.1096,0,0,0,0,0,0,0,0.9323,0.7009,1,1.000,0.79,1,0.2256,0.1266,0,0.7015,0.6260,0.009153,0,0,0,0,0,0,0,0,0,0.9561,0.6454,0.8844
4,7,2000,0.7189,0.6558,0.1201,0,0,0,0,0,0,0,0,0,1.000,0.6898,0.9961,0,0,0,0,0,0,1.000,0.7299,1,1.000,0.1849,0.6986,0.4284,-0.708,0,0,0,0,0,0,0,0.9998,0.6035,0.7305,0.9258,0.5666,0.4847,0.4873,0.1033,0,0,0,0,0,0,0,0.9270,0.6874,0.9772,0.9999,0.7678,1,0.2059,0.0952,0,0.7454,0.6603,0.5078,0,0,0,0,0,0,0,0,0,0.9088,0.6507,0.8867
4,8,1000,0.8068,0.7945,1,0,0,0,0,0,0,0,0,0,0.9350,0.7716,1,0,0,0,0,0,0,1.000,0.8313,1,0.9993,0.4703,0.4703,0.3439,-0.320,0,0,0,0,0,0,0,1.000,0.6266,0.8546,1.000,0.4446,0.7241,0.9999,-0.102,0.4447,0,0,0,0,0,0,0.9999,0.6727,0.9743,1.000,0.7706,1,0.1810,-0.133,0,0.7540,0.6948,0.8609,0,0,0,0,0,0,0,0,0,1.000,0.7779,1
4,8,1500,0.7943,0.7787,1,0,0,0,0,0,0,0,0,0,0.8951,0.6764,0.9743,0,0,0,0,0,0,1.000,0.7398,1,1.000,0.3878,0.3849,0.2528,-0.361,0,0,0,0,0,0,0,1.000,0.6548,0.8999,0.9995,0.2596,0.1871,0.9998,0.105,0.2930,0,0,0,0,0,0,0.9963,0.6618,0.9630,1.000,0.7499,1,0.2274,-0.128,0,0.7321,0.6471,0.2265,0,0,0,0,0,0,0,0,0,1.000,0.7776,1
4,8,2000,0.7817,0.767,1,0,0,0,0,0,0,0,0,0,0.8796,0.6568,0.9650,0,0,0,0,0,0,0.8842,0.6758,0.9815,0.9998,0.5393,0.7113,0.2846,-0.352,0,0,0,0,0,0,0,1.000,0.6591,0.9017,0.9995,0.2792,0.2455,0.9998,0.02,0.4224,0,0,0,0,0,0,0.9391,0.5894,0.8928,1.000,0.7860,1,0.2134,-0.164,0,0.7553,0.6839,0.8798,0,0,0,0,0,0,0,0,0,1.000,0.7696,1
4,9,1000,0.8467,0.8332,1,0,0,0,0,0,0,0,0,0,1.000,0.6813,0.9779,0,0,0,0,0,0,1.000,0.6937,0.9977,1.000,0.6325,0.8863,0.8904,-0.204,0.2852,0,0,0,0,0,0,1.000,0.7686,1,1.000,0.7667,1,0.9999,0.7257,1,0,0,0,0,0,0,0.9999,0.6764,0.8997,1.000,0.8085,1,0.3291,0.2384,0,0.7727,0.7185,1,0,0,0,0,0,0,0,0,0,0.9972,0.7154,1
4,9,1500,0.8418,0.8106,1,0,0,0,0,0,0,0,0,0,1.000,0.7152,1,0,0,0,0,0,0,0.9999,0.665,0.9498,1.000,0.7023,1,0.8348,-0.172,0.2044,0,0,0,0,0,0,1.000,0.7277,1,0.9176,0.6824,0.9840,0.9996,0.7478,1,0,0,0,0,0,0,0.9999,0.6283,0.9191,1.000,0.6906,0.9886,0.3074,0.1477,0,0.7942,0.6480,0.4691,0,0,0,0,0,0,0,0,0,0.9997,0.6431,0.9071
4,9,2000,0.8487,0.804,1,0,0,0,0,0,0,0,0,0,1.000,0.6816,0.9964,0,0,0,0,0,0,0.9999,0.7014,1,1.000,0.7143,1,0.8190,-0.124,0.1716,0,0,0,0,0,0,1.000,0.7559,1,0.9550,0.7168,1,0.9999,0.6798,0.9843,0,0,0,0,0,0,0.9689,0.6004,0.7448,1.000,0.7088,1,0.3182,0.1635,0,0.7759,0.6012,0.1589,0,0,0,0,0,0,0,0,0,0.9998,0.5767,0.7676
4,10,1000,0.8474,0.8241,1,0,0,0,0,0,0,0,0,0,1.000,0.7642,1,0,0,0,0,0,0,1.000,0.8132,1,1.000,0.7309,1,0.5548,-0.144,0,0,0,0,0,0,0,1.000,0.7598,1,0.8990,0.5837,0.6493,0.9881,0.6927,0.9981,0,0,0,0,0,0,0.9395,0.5845,0.6678,0.9954,0.705,1,0.2643,0.0916,0,0.7804,0.6531,0.7826,0,0,0,0,0,0,0,0,0,0.8359,0.6459,0.6448
4,10,1500,0.8624,0.8165,1,0,0,0,0,0,0,0,0,0,1.000,0.7004,1,0,0,0,0,0,0,1.000,0.8537,1,1.000,0.7374,1,0.4874,-0.054,0,0,0,0,0,0,0,1.000,0.7443,1,0.8699,0.5585,0.5985,0.9119,0.6945,0.9933,0,0,0,0,0,0,0.8830,0.6248,0.6441,1.000,0.7355,1,0.2922,0.1009,0,0.8703,0.6549,0.7826,0,0,0,0,0,0,0,0,0,0.9196,0.6451,0.8011
4,10,2000,0.8714,0.8091,1,0,0,0,0,0,0,0,0,0,1.000,0.6848,0.9957,0,0,0,0,0,0,1.000,0.8344,1,1.000,0.7643,1,0.4639,0.0134,0,0,0,0,0,0,0,1.000,0.7237,1,0.8999,0.6251,0.8320,0.8207,0.6298,0.8002,0,0,0,0,0,0,0.8327,0.6229,0.6303,1.000,0.7606,1,0.3018,0.1245,0,0.872,0.652,0.6492,0,0,0,0,0,0,0,0,0,0.9517,0.6512,0.8172
4,20,1000,0.8913,0.8871,1,0,0,0,0,0,0,0,0,0,1.000,0.8362,1,0,0,0,0,0,0,0.8971,0.6664,0.8414,0.6438,0.5403,0,1.000,0.8855,1,0,0,0,0,0,0,1.000,0.5789,0.3829,0.9802,0.8536,1,0.7217,0.6320,0.1585,0,0,0,0,0,0,0.9570,0.7767,1,1.000,0.5872,0.5356,0.2144,0.1863,0,0.7921,0.7713,1,0,0,0,0,0,0,0,0,0,0.9991,0.6571,0.8811
4,20,1500,0.8699,0.8557,1,0,0,0,0,0,0,0,0,0,0.9765,0.8225,1,0,0,0,0,0,0,0.9232,0.7519,1,0.7422,0.6282,0.4567,0.9750,0.7936,1,0,0,0,0,0,0,1.000,0.5247,0.2356,0.9598,0.8477,1,0.7288,0.5993,0.1491,0,0,0,0,0,0,0.9216,0.7530,1,1.000,0.5960,0.7691,0.2023,0.1617,0,0.7970,0.7461,1,0,0,0,0,0,0,0,0,0,1.000,0.6665,0.9150
4,20,2000,0.8672,0.8504,1,0,0,0,0,0,0,0,0,0,0.9669,0.7955,1,0,0,0,0,0,0,0.9482,0.8022,1,0.7978,0.6807,0.9400,0.9250,0.7511,1,0,0,0,0,0,0,0.9999,0.5076,0.2242,0.9753,0.8452,1,0.7344,0.6041,0.1553,0,0,0,0,0,0,0.9108,0.7376,1,1.000,0.6046,0.7716,0.1979,0.1560,0,0.8013,0.7517,1,0,0,0,0,0,0,0,0,0,0.9999,0.6907,0.9747
4,30,1000,0.9085,0.9069,1,0,0,0,0,0,0,0,0,0,1.000,0.9431,1,0,0,0,0,0,0,0.6989,0.5875,0,0.5969,0.5542,0,0.8530,0.8205,1,0,0,0,0,0,0,1.000,0.4943,0.3238,0.8208,0.7761,1,0.8755,0.8222,1,0,0,0,0,0,0,0.8461,0.7322,1,0.9999,0.5687,0.3814,0.5267,0.4939,0,0.7648,0.7293,1,0,0,0,0,0,0,0,0,0,0.9995,0.6474,0.7088
4,30,1500,0.8561,0.8510,1,0,0,0,0,0,0,0,0,0,0.9778,0.9176,1,0,0,0,0,0,0,0.7860,0.6907,0.9753,0.6692,0.6156,0,0.9537,0.9087,1,0,0,0,0,0,0,0.9996,0.4580,0.2292,0.8565,0.7533,1,0.8652,0.8047,1,0,0,0,0,0,0,0.7922,0.6963,0.9944,1.000,0.5431,0.2279,0.5094,0.4730,0,0.7711,0.7064,1,0,0,0,0,0,0,0,0,0,0.9999,0.5947,0.4413
4,30,2000,0.8503,0.8350,1,0,0,0,0,0,0,0,0,0,0.9946,0.9178,1,0,0,0,0,0,0,0.8618,0.7776,1,0.7230,0.6691,0.5086,1.000,0.9645,1,0,0,0,0,0,0,1.000,0.4663,0.2129,0.8636,0.7758,1,0.8637,0.7871,1,0,0,0,0,0,0,0.7994,0.7052,1,0.9997,0.5456,0.2178,0.5005,0.4659,0,0.7666,0.7070,1,0,0,0,0,0,0,0,0,0,0.9986,0.5937,0.5455
4,40,1000,0.9044,0.9001,1,0,0,0,0,0,0,0,0,0,0.9999,0.9586,1,0,0,0,0,0,0,0.6843,0.5796,0,0.6091,0.5843,0,0.6917,0.6783,0,0,0,0,0,0,0,0.9999,0.4613,0.3265,0.8749,0.8466,1,0.8806,0.8607,1,0,0,0,0,0,0,0.8019,0.7192,1,0.9998,0.5228,0.3389,0.5232,0.4978,0,0.9249,0.9124,1,0,0,0,0,0,0,0,0,0,1.000,0.5186,0.4049
4,40,1500,0.8484,0.8443,1,0,0,0,0,0,0,0,0,0,1.000,0.9516,1,0,0,0,0,0,0,0.7755,0.6730,0.7512,0.6806,0.6522,0,0.7798,0.7686,1,0,0,0,0,0,0,0.9998,0.4074,0.2283,0.9390,0.8872,1,0.8940,0.8793,1,0,0,0,0,0,0,0.7596,0.6932,0.9719,1.000,0.5382,0.2245,0.4954,0.4584,0,0.9245,0.9062,1,0,0,0,0,0,0,0,0,0,1.000,0.5061,0.3556
4,40,2000,0.8395,0.8297,1,0,0,0,0,0,0,0,0,0,1.000,0.9540,1,0,0,0,0,0,0,0.8656,0.7561,1,0.7438,0.7144,1,0.8406,0.8283,1,0,0,0,0,0,0,0.9999,0.4236,0.2082,0.9302,0.8849,1,0.8981,0.8808,1,0,0,0,0,0,0,0.7638,0.6945,0.9764,0.9998,0.5359,0.2143,0.5037,0.4652,0,0.9259,0.9061,1,0,0,0,0,0,0,0,0,0,1.000,0.5195,0.3528
4,50,1000,0.8994,0.8965,1,0,0,0,0,0,0,0,0,0,0.9786,0.9280,1,0,0,0,0,0,0,0.6678,0.5745,0,0.6054,0.5940,0,0.7486,0.7319,1,0,0,0,0,0,0,0.9997,0.4890,0.3296,0.8891,0.8752,1,0.8159,0.8096,1,0,0,0,0,0,0,0.7934,0.7615,1,1.000,0.5114,0.3451,0.6834,0.6669,0,0.9518,0.9425,1,0,0,0,0,0,0,0,0,0,0.9997,0.5477,0.4388
4,50,1500,0.8403,0.8365,1,0,0,0,0,0,0,0,0,0,1.000,0.9635,1,0,0,0,0,0,0,0.7479,0.6539,0.6748,0.6723,0.6512,0,0.8424,0.8240,1,0,0,0,0,0,0,0.9999,0.4639,0.2358,0.9336,0.9091,1,0.8382,0.8296,1,0,0,0,0,0,0,0.7564,0.7149,1,1.000,0.4942,0.2174,0.6625,0.6377,0,0.9472,0.9222,1,0,0,0,0,0,0,0,0,0,1.000,0.5638,0.3796
4,50,2000,0.8320,0.8211,1,0,0,0,0,0,0,0,0,0,1.000,0.9653,1,0,0,0,0,0,0,0.8339,0.7352,1,0.7359,0.7171,1,0.9074,0.8894,1,0,0,0,0,0,0,0.9998,0.4481,0.2225,0.9344,0.9057,1,0.8423,0.8335,1,0,0,0,0,0,0,0.7544,0.7158,1,1.000,0.5078,0.2117,0.6638,0.6380,0,0.9484,0.9289,1,0,0,0,0,0,0,0,0,0,0.9998,0.5625,0.3673
5,5,1000,0.6874,0.6806,0,0,0,0,0,0,0,0,0,0,0.9997,0.3651,0.5254,0,0,0,0,0,0,0.9999,0.6020,0.8953,0.9952,0.5930,0.8922,0.9751,0.355,0.3542,0,0,0,0,0,0,0.9940,0.6654,0.8631,0.8492,0.6389,0.6881,0.9982,0.6028,0.8177,0,0,0,0,0,0,0.9999,0.6027,0.7076,0.9999,0.7362,1,0.025,0.025,0,0,0,0,0,0,0,0,0,0,0,0,0,0.9867,0.6806,0.9609
5,5,1500,0.7172,0.6766,0.3639,0,0,0,0,0,0,0,0,0,1.000,0.4428,0.7101,0,0,0,0,0,0,0.8365,0.5830,0.5033,0.8250,0.3553,0.1516,0.8097,0.0915,0.09552,0,0,0,0,0,0,0.9999,0.6572,0.9202,0.8973,0.6681,0.9156,0.9999,0.5445,0.4924,0,0,0,0,0,0,0.9998,0.6356,0.8206,1.000,0.7312,1,0.0233,0.0233,0,0.7272,0.6723,0.5020,0,0,0,0,0,0,0,0,0,0.9483,0.6717,0.8735
5,5,2000,0.7260,0.6713,0.4288,0,0,0,0,0,0,0,0,0,1.000,0.4343,0.6220,0,0,0,0,0,0,0.8420,0.605,0.7617,0.7421,0.4217,0.05234,0.7588,0.0948,0.07625,0,0,0,0,0,0,1.000,0.6523,0.9198,0.8776,0.6129,0.5311,0.9824,0.4569,0.3814,0,0,0,0,0,0,0.9866,0.526,0.4559,1.000,0.686,0.9618,0.0222,0.0222,0,0.72,0.65,0.1821,0,0,0,0,0,0,0,0,0,0.9694,0.6719,0.8594
5,6,1000,0.7127,0.7047,1,0,0,0,0,0,0,0,0,0,0.7513,0.4731,0.02396,0,0,0,0,0,0,1.000,0.7041,1,0.8040,0.4526,0.2244,0.9996,0.6616,0.9904,0,0,0,0,0,0,0.9999,0.6596,0.9606,0.8196,0.6332,0.4743,0.8963,0.5111,0.4117,0,0,0,0,0,0,0.9999,0.7493,1,0.9990,0.8062,1,0.1735,0.1564,0,0,0,0,0,0,0,0,0,0,0,0,0,0.9354,0.6645,0.8196
5,6,1500,0.7061,0.6909,0.2141,0,0,0,0,0,0,0,0,0,0.8147,0.5635,0.3564,0,0,0,0,0,0,1.000,0.6573,0.9888,0.9461,0.4069,0.3110,1.000,0.6392,0.9509,0,0,0,0,0,0,1.000,0.7271,1,0.8369,0.4591,0.1647,0.8537,0.5295,0.4838,0,0,0,0,0,0,0.9559,0.6957,0.9978,1.000,0.7976,1,0.1612,0.1364,0,0.7379,0.6719,0.6286,0,0,0,0,0,0,0,0,0,0.9990,0.66,0.8361
5,6,2000,0.6838,0.6662,0,0,0,0,0,0,0,0,0,0,0.7770,0.5181,0.1466,0,0,0,0,0,0,1.000,0.7037,1,0.9998,0.5753,0.8049,0.9985,0.6431,0.9194,0,0,0,0,0,0,1.000,0.7198,1,0.8146,0.4773,0.1459,0.7887,0.5176,0.3845,0,0,0,0,0,0,0.9705,0.6996,0.9993,1.000,0.7823,1,0.1552,0.1328,0,0.7517,0.6702,0.6328,0,0,0,0,0,0,0,0,0,0.9998,0.6611,0.8454
5,7,1000,0.7477,0.7388,1,0,0,0,0,0,0,0,0,0,0.8663,0.6044,0.6885,0,0,0,0,0,0,0.9989,0.6482,0.9170,0.8897,0.2614,0.3986,0.6170,-1.028,0,0,0,0,0,0,0,0.9996,0.6458,0.8317,0.8217,0.6832,0.9731,0.2753,0.15,0,0,0,0,0,0,0,1.000,0.7297,1,0.9997,0.7197,1,0.3203,0.2209,0,0,0,0,0,0,0,0,0,0,0,0,0,0.8644,0.6779,0.8198
5,7,1500,0.7311,0.6957,0.7508,0,0,0,0,0,0,0,0,0,0.9450,0.6818,0.9210,0,0,0,0,0,0,0.9339,0.7126,1,1.000,0.2889,0.7023,0.4232,-0.734,0,0,0,0,0,0,0,0.9984,0.6461,0.9264,0.8435,0.6275,0.5173,0.2671,0.1343,0,0,0,0,0,0,0,0.9701,0.6676,0.9137,1.000,0.8118,1,0.2378,0.1837,0,0.6906,0.6291,0,0,0,0,0,0,0,0,0,0,0.8641,0.6740,0.8735
5,7,2000,0.7277,0.6959,0.8919,0,0,0,0,0,0,0,0,0,0.9641,0.6545,0.8419,0,0,0,0,0,0,1.000,0.83,1,0.9999,0.3825,0.7488,0.4008,-0.773,0,0,0,0,0,0,0,0.9999,0.6855,0.9865,0.8789,0.6712,0.8690,0.2940,0.1423,0,0,0,0,0,0,0,0.8988,0.6240,0.6567,1.000,0.8161,1,0.2086,0.1643,0,0.6864,0.5987,0,0,0,0,0,0,0,0,0,0,0.8790,0.6632,0.8488
5,8,1000,0.8595,0.8572,1,0,0,0,0,0,0,0,0,0,1.000,0.7847,1,0,0,0,0,0,0,1.000,0.7728,1,1.000,0.7676,1,0.4078,-0.551,0,0,0,0,0,0,0,1.000,0.65,0.8421,0.8966,0.4628,0.2851,1.000,0.6049,0.8620,0,0,0,0,0,0,1.000,0.7230,1,1.000,0.7344,1,0.1995,0.1102,0,0,0,0,0,0,0,0,0,0,0,0,0,0.9998,0.8006,1
5,8,1500,0.8410,0.8269,1,0,0,0,0,0,0,0,0,0,0.9958,0.7712,1,0,0,0,0,0,0,1.000,0.8794,1,0.9999,0.7380,1,0.3467,-0.341,0,0,0,0,0,0,0,1.000,0.6602,0.9050,0.8430,0.4894,0.2523,0.9996,0.5692,0.7577,0,0,0,0,0,0,1.000,0.7196,1,1.000,0.8001,1,0.1673,0.0561,0,0.6227,0.5676,0,0,0,0,0,0,0,0,0,0,0.9999,0.785,1
5,8,2000,0.8409,0.8281,1,0,0,0,0,0,0,0,0,0,0.9749,0.7382,1,0,0,0,0,0,0,1.000,0.8400,1,1.000,0.7761,1,0.2815,-0.307,0,0,0,0,0,0,0,1.000,0.6517,0.9009,0.8506,0.4440,0.1837,0.9990,0.5521,0.7667,0,0,0,0,0,0,1.000,0.6162,0.8058,1.000,0.7724,1,0.1648,0.0615,0,0.6204,0.5787,0,0,0,0,0,0,0,0,0,0,1.000,0.7840,1
5,9,1000,0.8799,0.8782,1,0,0,0,0,0,0,0,0,0,1.000,0.7614,1,0,0,0,0,0,0,0.9992,0.6525,0.9196,0.7777,0.4720,0.2598,0.9998,0.4611,0.3296,0,0,0,0,0,0,0.9996,0.6773,0.9806,1.000,0.8503,1,0.9659,0.8034,1,0,0,0,0,0,0,0.9739,0.6208,0.6324,0.9993,0.6971,0.9971,0.3214,0.3011,0,0,0,0,0,0,0,0,0,0,0,0,0,1.000,0.6580,0.9477
5,9,1500,0.8494,0.8371,1,0,0,0,0,0,0,0,0,0,1.000,0.8411,1,0,0,0,0,0,0,0.9658,0.7099,1,0.9080,0.6613,0.9461,0.9050,0.3864,0.3108,0,0,0,0,0,0,0.9999,0.7664,1,0.9281,0.7358,1,1.000,0.8601,1,0,0,0,0,0,0,0.9157,0.6089,0.6509,1.000,0.7365,1,0.2916,0.2560,0,0.8023,0.7426,1,0,0,0,0,0,0,0,0,0,0.9996,0.5861,0.5716
5,9,2000,0.8374,0.8218,1,0,0,0,0,0,0,0,0,0,1.000,0.8163,1,0,0,0,0,0,0,0.9901,0.7734,1,0.9680,0.6845,0.9941,0.8477,0.3411,0.2511,0,0,0,0,0,0,0.9999,0.7607,1,0.9361,0.7270,1,0.9999,0.8739,1,0,0,0,0,0,0,0.9264,0.6400,0.7849,1.000,0.6908,0.9935,0.2956,0.2537,0,0.8059,0.7072,1,0,0,0,0,0,0,0,0,0,1.000,0.5244,0.4271
5,10,1000,0.8681,0.8637,1,0,0,0,0,0,0,0,0,0,1.000,0.8508,1,0,0,0,0,0,0,0.9483,0.6039,0.5420,0.6516,0.5109,0,0.8004,0.3269,0.1529,0,0,0,0,0,0,1.000,0.7519,1,0.8880,0.7833,1,0.8858,0.7750,1,0,0,0,0,0,0,0.8774,0.5990,0.4668,0.9999,0.7307,1,0.2247,0.1692,0,0,0,0,0,0,0,0,0,0,0,0,0,0.9867,0.6804,0.9609
5,10,1500,0.8681,0.8537,1,0,0,0,0,0,0,0,0,0,0.9999,0.8412,1,0,0,0,0,0,0,0.9322,0.6688,0.9030,0.8445,0.6784,0.9696,0.6541,0.2891,0,0,0,0,0,0,0,1.000,0.7936,1,0.8629,0.7279,1,0.9251,0.7839,1,0,0,0,0,0,0,0.7501,0.5445,0.2425,1.000,0.739,1,0.1918,0.1345,0,0.7270,0.6721,0.5020,0,0,0,0,0,0,0,0,0,0.9483,0.6717,0.8735
5,10,2000,0.8543,0.8310,1,0,0,0,0,0,0,0,0,0,1.000,0.8233,1,0,0,0,0,0,0,0.9440,0.7075,1,0.9412,0.7259,1,0.6033,0.2442,0,0,0,0,0,0,0,0.9999,0.7905,1,0.8877,0.7240,1,0.8953,0.7466,1,0,0,0,0,0,0,0.7325,0.5319,0.1040,0.9999,0.7489,1,0.1975,0.137,0,0.7206,0.6506,0.1851,0,0,0,0,0,0,0,0,0,0.9694,0.6719,0.8594
5,20,1000,0.9311,0.9303,1,0,0,0,0,0,0,0,0,0,0.9667,0.8754,1,0,0,0,0,0,0,0.6409,0.5365,0,0.5141,0.4665,0,0.7274,0.6503,0.2437,0,0,0,0,0,0,0.9998,0.4768,0.3466,0.9720,0.9078,1,0.8932,0.8545,1,0,0,0,0,0,0,0.8931,0.7300,1,1.000,0.5733,0.4615,0.2583,0.2266,0,0,0,0,0,0,0,0,0,0,0,0,0,0.9996,0.5912,0.5102
5,20,1500,0.8685,0.8653,1,0,0,0,0,0,0,0,0,0,0.9245,0.8451,1,0,0,0,0,0,0,0.7339,0.6492,0.3351,0.6163,0.5698,0,0.8185,0.7569,1,0,0,0,0,0,0,1.000,0.5178,0.2635,0.9774,0.9065,1,0.8783,0.8372,1,0,0,0,0,0,0,0.8761,0.7053,1,1.000,0.6059,0.4348,0.2189,0.2017,0,0.7641,0.7449,1,0,0,0,0,0,0,0,0,0,1.000,0.5559,0.3993
5,20,2000,0.8498,0.8457,1,0,0,0,0,0,0,0,0,0,0.9062,0.8258,1,0,0,0,0,0,0,0.7969,0.7044,1,0.6930,0.6468,0,0.8953,0.8309,1,0,0,0,0,0,0,0.9997,0.4993,0.2369,0.9733,0.8910,1,0.8779,0.8347,1,0,0,0,0,0,0,0.8531,0.6792,0.9412,0.9999,0.5820,0.2544,0.2242,0.2018,0,0.7714,0.7512,1,0,0,0,0,0,0,0,0,0,0.9993,0.5548,0.3917
5,30,1000,0.9302,0.9296,1,0,0,0,0,0,0,0,0,0,1.000,0.9816,1,0,0,0,0,0,0,0.5541,0.5144,0,0.5301,0.5228,0,0.6049,0.6009,0,0,0,0,0,0,0,1.000,0.4468,0.3403,0.8398,0.8159,1,0.9005,0.8934,1,0,0,0,0,0,0,0.8065,0.7582,1,0.9999,0.5079,0.4210,0.6735,0.6640,0,0,0,0,0,0,0,0,0,0,0,0,0,0.9999,0.5546,0.4876
5,30,1500,0.8522,0.8484,1,0,0,0,0,0,0,0,0,0,0.9637,0.9341,1,0,0,0,0,0,0,0.6835,0.6352,0,0.6217,0.6078,0,0.7130,0.7062,1,0,0,0,0,0,0,0.9999,0.4698,0.2558,0.8656,0.8333,1,0.8936,0.8846,1,0,0,0,0,0,0,0.7544,0.7115,1,0.9999,0.5222,0.2447,0.6427,0.6243,0,0.7933,0.7818,1,0,0,0,0,0,0,0,0,0,1.000,0.5365,0.3882
5,30,2000,0.8243,0.8204,1,0,0,0,0,0,0,0,0,0,0.9420,0.9127,1,0,0,0,0,0,0,0.7504,0.7044,1,0.7005,0.6915,0.02155,0.7902,0.7826,1,0,0,0,0,0,0,0.9998,0.4519,0.2349,0.8754,0.8437,1,0.8952,0.8856,1,0,0,0,0,0,0,0.7609,0.7171,1,0.9999,0.5282,0.2265,0.6407,0.6230,0,0.7958,0.7860,1,0,0,0,0,0,0,0,0,0,0.9996,0.5406,0.3759
5,40,1000,0.9272,0.9267,1,0,0,0,0,0,0,0,0,0,0.9764,0.9576,1,0,0,0,0,0,0,0.5527,0.5114,0,0.5295,0.5242,0,0.5503,0.5474,0,0,0,0,0,0,0,0.9999,0.4185,0.3349,0.8784,0.8670,1,0.9004,0.8987,1,0,0,0,0,0,0,0.8261,0.8069,1,0.9999,0.5024,0.4142,0.6679,0.6572,0,0,0,0,0,0,0,0,0,0,0,0,0,0.9999,0.4902,0.4443
5,40,1500,0.8418,0.8386,1,0,0,0,0,0,0,0,0,0,0.9880,0.9648,1,0,0,0,0,0,0,0.6858,0.6400,0,0.6326,0.6241,0,0.6603,0.6572,0,0,0,0,0,0,0,0.9999,0.4401,0.2508,0.9133,0.8942,1,0.9095,0.9059,1,0,0,0,0,0,0,0.7797,0.7560,1,0.9999,0.5085,0.2406,0.6348,0.6219,0,0.9634,0.9575,1,0,0,0,0,0,0,0,0,0,1.000,0.4718,0.3572
5,40,2000,0.8165,0.8132,1,0,0,0,0,0,0,0,0,0,0.9648,0.9440,1,0,0,0,0,0,0,0.7556,0.7014,1,0.7159,0.7034,1,0.7415,0.7384,1,0,0,0,0,0,0,1.000,0.4157,0.2311,0.9125,0.8924,1,0.9125,0.9099,1,0,0,0,0,0,0,0.7844,0.7494,1,1.000,0.5115,0.2184,0.6353,0.6229,0,0.9661,0.9598,1,0,0,0,0,0,0,0,0,0,0.9998,0.4663,0.3468
5,50,1000,0.9240,0.9236,1,0,0,0,0,0,0,0,0,0,0.9803,0.9633,1,0,0,0,0,0,0,0.5432,0.5090,0,0.5365,0.5323,0,0.5676,0.5648,0,0,0,0,0,0,0,0.9999,0.4448,0.3445,0.8716,0.8652,1,0.8678,0.8668,1,0,0,0,0,0,0,0.8591,0.8432,1,0.9999,0.4914,0.4148,0.7963,0.7945,1,0,0,0,0,0,0,0,0,0,0,0,0,0.9999,0.5280,0.4755
5,50,1500,0.8351,0.8323,1,0,0,0,0,0,0,0,0,0,0.9806,0.9605,1,0,0,0,0,0,0,0.6719,0.6296,0,0.6331,0.6256,0,0.6777,0.6743,0,0,0,0,0,0,0,1.000,0.4508,0.2542,0.9058,0.8937,1,0.8785,0.8774,1,0,0,0,0,0,0,0.8170,0.7966,1,1.000,0.4978,0.2397,0.7665,0.7626,1,0.9655,0.9596,1,0,0,0,0,0,0,0,0,0,0.9999,0.4900,0.3693
5,50,2000,0.8077,0.8049,1,0,0,0,0,0,0,0,0,0,0.9628,0.9429,1,0,0,0,0,0,0,0.7409,0.6960,0.9450,0.7173,0.7108,1,0.7611,0.7579,1,0,0,0,0,0,0,0.9999,0.4367,0.2330,0.9063,0.8939,1,0.8822,0.8809,1,0,0,0,0,0,0,0.8179,0.7962,1,0.9999,0.4847,0.2189,0.7712,0.7666,1,0.9647,0.9596,1,0,0,0,0,0,0,0,0,0,0.9999,0.4752,0.3495
6,5,1000,0,0,0,0,0,0,0,0,0,0,0,0,0.9278,0.4925,0.7002,0,0,0,0,0,0,1.000,0.7545,1,0.9715,0.6525,0.9465,0.7575,0.5171,0.2102,0,0,0,0,0,0,1.000,0.6914,0.9695,0.7818,0.6463,0.7173,0.8094,0.6508,0.5217,0,0,0,0,0,0,0.9996,0.5940,0.6919,1.000,0.7567,1,0,0,0,0,0,0,0,0,0,0,0,0,0,0,0,0.9998,0.6928,0.9635
6,5,1500,0.7540,0.7176,1,0,0,0,0,0,0,0,0,0,0.9999,0.5965,0.8435,0,0,0,0,0,0,0.8376,0.6153,0.6268,0.9333,0.5796,0.6682,0.6278,0.2378,0,0,0,0,0,0,0,1.000,0.6777,0.9266,0.8386,0.6543,0.7076,0.9562,0.6896,0.9871,0,0,0,0,0,0,0.9971,0.6488,0.8291,0.9998,0.7688,1,0.0133,0.0133,0,0.7072,0.6912,0.3875,0,0,0,0,0,0,0,0,0,0.9828,0.6912,0.9112
6,5,2000,0.7570,0.7179,1,0,0,0,0,0,0,0,0,0,1.000,0.6392,0.9054,0,0,0,0,0,0,0.84,0.6816,0.9807,0.7958,0.6129,0.3899,0.6228,0.2089,0,0,0,0,0,0,0,1.000,0.6801,0.9474,0.8608,0.6857,0.9415,0.9225,0.7004,1,0,0,0,0,0,0,0.8948,0.5181,0.3600,0.9999,0.7396,1,0.0128,0.0128,0,0.7076,0.6805,0.1469,0,0,0,0,0,0,0,0,0,0.9874,0.6867,0.8659
6,6,1000,0,0,0,0,0,0,0,0,0,0,0,0,0.8869,0.5923,0.5481,0,0,0,0,0,0,1.000,0.6837,0.9779,0.6836,0.4605,0,1.000,0.6853,0.9869,0,0,0,0,0,0,0.9974,0.6541,0.8717,0.8473,0.7363,1,0.9216,0.7635,1,0,0,0,0,0,0,0.9928,0.6740,0.8016,1.000,0.7970,1,0,0,0,0,0,0,0,0,0,0,0,0,0,0,0,1.000,0.7226,1
6,6,1500,0.7692,0.7529,1,0,0,0,0,0,0,0,0,0,0.8986,0.6554,0.8619,0,0,0,0,0,0,1.000,0.7377,1,0.8270,0.3565,0.2840,1.000,0.6767,0.9581,0,0,0,0,0,0,0.9998,0.7284,1,0.8947,0.5272,0.3165,0.8820,0.6667,0.8038,0,0,0,0,0,0,0.9745,0.7562,1,1.000,0.8195,1,0.1164,0.1066,0,0.7326,0.7192,1,0,0,0,0,0,0,0,0,0,1.000,0.7231,1
6,6,2000,0.7576,0.7356,1,0,0,0,0,0,0,0,0,0,0.8815,0.6318,0.8089,0,0,0,0,0,0,0.9999,0.7835,1,0.8568,0.5212,0.5686,0.9999,0.6548,0.9567,0,0,0,0,0,0,0.9998,0.7097,1,0.8896,0.5158,0.2189,0.8124,0.6234,0.6355,0,0,0,0,0,0,0.9556,0.7030,1,1.000,0.7931,1,0.1151,0.1023,0,0.7321,0.69,0.6836,0,0,0,0,0,0,0,0,0,1.000,0.7033,1
6,7,1000,0,0,0,0,0,0,0,0,0,0,0,0,0.9551,0.6519,0.9012,0,0,0,0,0,0,1.000,0.6011,0.8527,0.6197,0.3984,0,0.5054,-0.431,0,0,0,0,0,0,0,0.9996,0.5736,0.7701,0.7635,0.6961,0.9944,0.1974,0.1625,0,0,0,0,0,0,0,1.000,0.5930,0.7443,0.9987,0.7711,1,0,0,0,0,0,0,0,0,0,0,0,0,0,0,0,0.9684,0.7658,1
6,7,1500,0.8282,0.8162,1,0,0,0,0,0,0,0,0,0,0.9459,0.6828,0.9952,0,0,0,0,0,0,1.000,0.6718,0.9591,0.9563,0.5070,0.6636,0.4462,-0.329,0,0,0,0,0,0,0,0.9994,0.5878,0.7958,0.7928,0.6476,0.5060,0.1801,0.1445,0,0,0,0,0,0,0,0.9743,0.6732,0.8079,1.000,0.8372,1,0.2572,0.2137,0,0.7737,0.7608,1,0,0,0,0,0,0,0,0,0,0.9648,0.7545,1
6,7,2000,0.8219,0.8063,1,0,0,0,0,0,0,0,0,0,0.9310,0.6851,0.9861,0,0,0,0,0,0,1.000,0.6609,0.9290,1.000,0.5747,0.7341,0.4617,-0.339,0,0,0,0,0,0,0,1.000,0.5785,0.7660,0.8067,0.6259,0.4864,0.1744,0.1379,0,0,0,0,0,0,0,0.9087,0.6074,0.6691,0.9999,0.8108,1,0.2541,0.2033,0,0.7564,0.7301,1,0,0,0,0,0,0,0,0,0,0.9207,0.7317,1
6,8,1000,0,0,0,0,0,0,0,0,0,0,0,0,1.000,0.8872,1,0,0,0,0,0,0,0.8673,0.6221,0.6200,0.8249,0.5635,0.6713,0.3490,-0.573,0,0,0,0,0,0,0,1.000,0.6643,0.8821,0.7499,0.5149,0.1500,0.8927,0.6615,0.8218,0,0,0,0,0,0,1.000,0.6748,0.8902,0.9999,0.7008,1,0,0,0,0,0,0,0,0,0,0,0,0,0,0,0,0.9998,0.7649,1
6,8,1500,0.8792,0.8753,1,0,0,0,0,0,0,0,0,0,1.000,0.8370,1,0,0,0,0,0,0,0.9833,0.7479,1,0.9091,0.6414,0.9132,0.3320,-0.238,0,0,0,0,0,0,0,1.000,0.6865,0.9661,0.7934,0.5477,0.2415,1.000,0.6809,0.9753,0,0,0,0,0,0,1.000,0.6647,0.9129,0.9995,0.7654,1,0.1470,0.1209,0,0.5899,0.5823,0,0,0,0,0,0,0,0,0,0,1.000,0.7856,1
6,8,2000,0.8663,0.8590,1,0,0,0,0,0,0,0,0,0,0.9999,0.8116,1,0,0,0,0,0,0,1.000,0.7589,1,1.000,0.7325,1,0.2975,-0.226,0,0,0,0,0,0,0,1.000,0.6521,0.9137,0.8585,0.5965,0.5531,0.9995,0.6591,0.9314,0,0,0,0,0,0,1.000,0.6428,0.7996,0.9999,0.7592,1,0.1449,0.1204,0,0.6058,0.5707,0,0,0,0,0,0,0,0,0,0,1.000,0.8024,1
6,9,1000,0,0,0,0,0,0,0,0,0,0,0,0,0.9900,0.7688,1,0,0,0,0,0,0,0.8049,0.5464,0.5523,0.5848,0.4310,0,1.000,0.8368,1,0,0,0,0,0,0,0.9993,0.6644,0.9238,1.000,0.8936,1,0.7900,0.6636,0.6898,0,0,0,0,0,0,0.9659,0.6285,0.5981,1.000,0.7062,1,0,0,0,0,0,0,0,0,0,0,0,0,0,0,0,1.000,0.7106,1
6,9,1500,0.8889,0.8817,1,0,0,0,0,0,0,0,0,0,1.000,0.8335,1,0,0,0,0,0,0,0.9376,0.6525,0.8369,0.7385,0.5367,0.08591,0.9922,0.6702,0.9699,0,0,0,0,0,0,1.000,0.7645,1,1.000,0.8015,1,0.8720,0.7911,1,0,0,0,0,0,0,0.9466,0.6317,0.6706,0.9998,0.6925,0.9808,0.3007,0.2892,0,0.7865,0.7647,1,0,0,0,0,0,0,0,0,0,1.000,0.5628,0.4601
6,9,2000,0.8629,0.8526,1,0,0,0,0,0,0,0,0,0,1.000,0.7950,1,0,0,0,0,0,0,0.9606,0.7130,1,0.8433,0.6152,0.8310,0.9111,0.6368,0.7416,0,0,0,0,0,0,1.000,0.7522,1,0.9502,0.7886,1,0.9328,0.8409,1,0,0,0,0,0,0,0.9506,0.6222,0.7348,0.9998,0.6908,0.9767,0.2941,0.2820,0,0.8004,0.7752,1,0,0,0,0,0,0,0,0,0,1.000,0.4594,0.3407
6,10,1000,0,0,0,0,0,0,0,0,0,0,0,0,1.000,0.7683,1,0,0,0,0,0,0,0.7711,0.5099,0.4663,0.4809,0.4251,0,1.000,0.8679,1,0,0,0,0,0,0,1.000,0.5774,0.5249,0.9514,0.8568,1,0.9999,0.9812,1,0,0,0,0,0,0,0.8301,0.5145,0.4063,1.000,0.7254,1,0,0,0,0,0,0,0,0,0,0,0,0,0,0,0,0.9998,0.6928,0.9635
6,10,1500,0.8743,0.8686,1,0,0,0,0,0,0,0,0,0,1.000,0.8205,1,0,0,0,0,0,0,0.8329,0.5848,0.5340,0.6317,0.5354,0,0.9306,0.7666,1,0,0,0,0,0,0,0.9999,0.6768,0.9356,0.9022,0.7760,1,0.9907,0.8876,1,0,0,0,0,0,0,0.7815,0.5443,0.2962,1.000,0.7474,1,0.2035,0.1643,0,0.7072,0.6912,0.3875,0,0,0,0,0,0,0,0,0,0.9828,0.6912,0.9112
6,10,2000,0.8516,0.8468,1,0,0,0,0,0,0,0,0,0,1.000,0.8479,1,0,0,0,0,0,0,0.9001,0.6640,0.7920,0.7469,0.6164,0.3643,0.8201,0.6404,0.7505,0,0,0,0,0,0,0.9996,0.6984,0.9980,0.9059,0.7708,1,0.9778,0.8660,1,0,0,0,0,0,0,0.7555,0.5245,0.3509,0.9996,0.7388,1,0.1916,0.1347,0,0.7076,0.6805,0.1469,0,0,0,0,0,0,0,0,0,0.9874,0.6867,0.8659
6,20,1000,0,0,0,0,0,0,0,0,0,0,0,0,1.000,0.9694,1,0,0,0,0,0,0,0.5044,0.4680,0,0.4555,0.4469,0,0.5102,0.4977,0,0,0,0,0,0,0,0.9999,0.3970,0.3323,0.9604,0.9371,1,0.9414,0.9372,1,0,0,0,0,0,0,0.8292,0.7236,1,0.9998,0.5298,0.5183,0,0,0,0,0,0,0,0,0,0,0,0,0,0,0,0.9999,0.5434,0.5313
6,20,1500,0.8733,0.8713,1,0,0,0,0,0,0,0,0,0,0.9546,0.9114,1,0,0,0,0,0,0,0.6207,0.5790,0,0.5656,0.5462,0,0.6280,0.6130,0,0,0,0,0,0,0,0.9998,0.4988,0.2835,0.9439,0.9157,1,0.9110,0.9043,1,0,0,0,0,0,0,0.7982,0.6937,0.9781,1.000,0.5395,0.2820,0.2841,0.2711,0,0.7926,0.7880,1,0,0,0,0,0,0,0,0,0,0.9999,0.4681,0.3795
6,20,2000,0.8453,0.8434,1,0,0,0,0,0,0,0,0,0,0.9298,0.8917,1,0,0,0,0,0,0,0.7206,0.6811,0.4199,0.6669,0.6521,0,0.7355,0.7178,1,0,0,0,0,0,0,0.9999,0.4992,0.2497,0.9456,0.9170,1,0.9188,0.9106,1,0,0,0,0,0,0,0.8021,0.7080,1,0.9999,0.5271,0.2512,0.2832,0.2663,0,0.7942,0.7857,1,0,0,0,0,0,0,0,0,0,0.9999,0.4653,0.3612
6,30,1000,0,0,0,0,0,0,0,0,0,0,0,0,0.9765,0.9664,1,0,0,0,0,0,0,0.4703,0.4555,0,0.4685,0.4642,0,0.4885,0.4879,0,0,0,0,0,0,0,0.9999,0.3751,0.3389,0.8773,0.8695,1,0.9047,0.9038,1,0,0,0,0,0,0,0.8035,0.7876,1,1.000,0.4947,0.4984,0,0,0,0,0,0,0,0,0,0,0,0,0,0,0,1.000,0.5374,0.5111
6,30,1500,0.8624,0.8607,1,0,0,0,0,0,0,0,0,0,0.9677,0.9542,1,0,0,0,0,0,0,0.6016,0.5810,0,0.5839,0.5787,0,0.6090,0.6079,0,0,0,0,0,0,0,1.000,0.4702,0.2783,0.8719,0.8620,1,0.8819,0.8806,1,0,0,0,0,0,0,0.7952,0.7692,1,1.000,0.5098,0.2585,0.7403,0.7379,1,0.9653,0.9630,1,0,0,0,0,0,0,0,0,0,0.9999,0.5038,0.3817
6,30,2000,0.8306,0.8291,1,0,0,0,0,0,0,0,0,0,0.9476,0.9330,1,0,0,0,0,0,0,0.7060,0.6817,0.3012,0.6840,0.6799,0,0.7060,0.7048,1,0,0,0,0,0,0,0.9999,0.4516,0.2460,0.8767,0.8634,1,0.8863,0.8849,1,0,0,0,0,0,0,0.7953,0.7687,1,1.000,0.4923,0.2373,0.7477,0.7447,1,0.9694,0.9662,1,0,0,0,0,0,0,0,0,0,1.000,0.4943,0.3665
6,40,1000,0,0,0,0,0,0,0,0,0,0,0,0,0.9697,0.9612,1,0,0,0,0,0,0,0.4788,0.4614,0,0.4686,0.4649,0,0.4694,0.4688,0,0,0,0,0,0,0,0.9998,0.3665,0.3338,0.8931,0.8850,1,0.9068,0.9064,1,0,0,0,0,0,0,0.8469,0.8374,1,0.9999,0.4883,0.5005,0,0,0,0,0,0,0,0,0,0,0,0,0,0,0,0.9999,0.5006,0.4994
6,40,1500,0.8540,0.8522,1,0,0,0,0,0,0,0,0,0,0.9717,0.9622,1,0,0,0,0,0,0,0.6084,0.5873,0,0.5862,0.5818,0,0.5929,0.5919,0,0,0,0,0,0,0,0.9999,0.4592,0.2774,0.8858,0.8770,1,0.8870,0.8868,1,0,0,0,0,0,0,0.8338,0.8194,1,0.9999,0.4972,0.2545,0.7611,0.7593,1,0.8614,0.8603,1,0,0,0,0,0,0,0,0,0,1.000,0.4747,0.3794
6,40,2000,0.8233,0.8220,1,0,0,0,0,0,0,0,0,0,0.9524,0.9422,1,0,0,0,0,0,0,0.7113,0.6857,0.6192,0.6894,0.6847,0,0.6959,0.6947,0,0,0,0,0,0,0,0.9999,0.4545,0.2444,0.8904,0.8803,1,0.8899,0.8895,1,0,0,0,0,0,0,0.8306,0.8151,1,1.000,0.5024,0.2363,0.7623,0.7607,1,0.8596,0.8580,1,0,0,0,0,0,0,0,0,0,0.9999,0.4739,0.3636
6,50,1000,0,0,0,0,0,0,0,0,0,0,0,0,0.9738,0.9647,1,0,0,0,0,0,0,0.4720,0.4584,0,0.4694,0.4675,0,0.4723,0.4720,0,0,0,0,0,0,0,0.9999,0.3860,0.3375,0.8845,0.8815,1,0.8925,0.8923,1,0,0,0,0,0,0,0.8625,0.8527,1,1.000,0.4875,0.5026,0,0,0,0,0,0,0,0,0,0,0,0,0,0,0,0.9999,0.5084,0.5084
6,50,1500,0.8514,0.8496,1,0,0,0,0,0,0,0,0,0,0.9634,0.9538,1,0,0,0,0,0,0,0.6037,0.5824,0,0.5853,0.5840,0,0.5964,0.5962,0,0,0,0,0,0,0,0.9999,0.4642,0.2774,0.8840,0.8784,1,0.8751,0.8749,1,0,0,0,0,0,0,0.8479,0.8363,1,1.000,0.5019,0.2566,0.8274,0.8273,1,0.8729,0.8724,1,0,0,0,0,0,0,0,0,0,0.9999,0.4762,0.3827
6,50,2000,0.8189,0.8172,1,0,0,0,0,0,0,0,0,0,0.9451,0.9362,1,0,0,0,0,0,0,0.7080,0.6831,0.5146,0.6892,0.6871,0,0.6990,0.6988,0,0,0,0,0,0,0,1.000,0.4582,0.2444,0.8856,0.8794,1,0.8786,0.8786,1,0,0,0,0,0,0,0.8449,0.8330,1,0.9999,0.4906,0.2372,0.8288,0.8287,1,0.8741,0.8733,1,0,0,0,0,0,0,0,0,0,0.9998,0.4745,0.3641
